"","Rsec","RsecT","cells"
"1",-1,7,"HP1502401_A10"
"2",-1,21,"HP1502401_A12"
"3",14,14,"HP1502401_A14"
"4",-1,21,"HP1502401_A15"
"5",-1,18,"HP1502401_A17"
"6",2,2,"HP1502401_A18"
"7",2,2,"HP1502401_A2"
"8",-1,11,"HP1502401_A20"
"9",-1,11,"HP1502401_A21"
"10",14,14,"HP1502401_A22"
"11",-1,11,"HP1502401_A23"
"12",-1,2,"HP1502401_A24"
"13",-1,18,"HP1502401_A4"
"14",-1,7,"HP1502401_A6"
"15",7,7,"HP1502401_A7"
"16",7,7,"HP1502401_B1"
"17",-1,9,"HP1502401_B10"
"18",-1,23,"HP1502401_B11"
"19",-1,5,"HP1502401_B14"
"20",15,15,"HP1502401_B15"
"21",-1,18,"HP1502401_B16"
"22",14,14,"HP1502401_B17"
"23",-1,23,"HP1502401_B18"
"24",-1,21,"HP1502401_B20"
"25",-1,7,"HP1502401_B21"
"26",-1,7,"HP1502401_B22"
"27",7,7,"HP1502401_B23"
"28",-1,7,"HP1502401_B24"
"29",-1,18,"HP1502401_B5"
"30",-1,7,"HP1502401_B7"
"31",2,2,"HP1502401_B8"
"32",-1,17,"HP1502401_C1"
"33",5,5,"HP1502401_C10"
"34",16,16,"HP1502401_C12"
"35",-1,18,"HP1502401_C14"
"36",-1,18,"HP1502401_C16"
"37",7,7,"HP1502401_C18"
"38",-1,11,"HP1502401_C2"
"39",-1,2,"HP1502401_C20"
"40",7,7,"HP1502401_C21"
"41",-1,11,"HP1502401_C22"
"42",-1,18,"HP1502401_C4"
"43",2,2,"HP1502401_C5"
"44",5,5,"HP1502401_C6"
"45",7,7,"HP1502401_C7"
"46",2,2,"HP1502401_C8"
"47",8,8,"HP1502401_D10"
"48",2,2,"HP1502401_D12"
"49",5,5,"HP1502401_D13"
"50",-1,18,"HP1502401_D16"
"51",-1,2,"HP1502401_D17"
"52",16,16,"HP1502401_D18"
"53",14,14,"HP1502401_D2"
"54",-1,18,"HP1502401_D20"
"55",7,7,"HP1502401_D22"
"56",-1,11,"HP1502401_D23"
"57",-1,18,"HP1502401_D24"
"58",7,7,"HP1502401_D3"
"59",-1,16,"HP1502401_D4"
"60",-1,18,"HP1502401_D5"
"61",7,7,"HP1502401_D6"
"62",7,7,"HP1502401_D7"
"63",-1,11,"HP1502401_D8"
"64",7,7,"HP1502401_E10"
"65",-1,18,"HP1502401_E11"
"66",-1,9,"HP1502401_E14"
"67",-1,21,"HP1502401_E16"
"68",-1,18,"HP1502401_E17"
"69",-1,11,"HP1502401_E18"
"70",-1,7,"HP1502401_E19"
"71",8,8,"HP1502401_E2"
"72",8,8,"HP1502401_E20"
"73",-1,18,"HP1502401_E21"
"74",7,7,"HP1502401_E22"
"75",14,14,"HP1502401_E23"
"76",14,14,"HP1502401_E24"
"77",-1,2,"HP1502401_E3"
"78",-1,23,"HP1502401_E5"
"79",-1,9,"HP1502401_E6"
"80",-1,23,"HP1502401_E7"
"81",2,2,"HP1502401_E9"
"82",-1,18,"HP1502401_F10"
"83",-1,9,"HP1502401_F11"
"84",-1,18,"HP1502401_F12"
"85",8,8,"HP1502401_F13"
"86",15,15,"HP1502401_F15"
"87",-1,21,"HP1502401_F16"
"88",-1,1,"HP1502401_F17"
"89",-1,23,"HP1502401_F18"
"90",-1,18,"HP1502401_F19"
"91",-1,18,"HP1502401_F20"
"92",7,7,"HP1502401_F21"
"93",-1,7,"HP1502401_F22"
"94",-1,18,"HP1502401_F23"
"95",7,7,"HP1502401_F24"
"96",-1,9,"HP1502401_F4"
"97",5,5,"HP1502401_F9"
"98",-1,18,"HP1502401_G10"
"99",-1,23,"HP1502401_G11"
"100",-1,23,"HP1502401_G12"
"101",-1,5,"HP1502401_G14"
"102",8,8,"HP1502401_G18"
"103",2,2,"HP1502401_G20"
"104",-1,11,"HP1502401_G21"
"105",-1,7,"HP1502401_G22"
"106",-1,16,"HP1502401_G23"
"107",-1,7,"HP1502401_G24"
"108",2,2,"HP1502401_G3"
"109",7,7,"HP1502401_G4"
"110",-1,7,"HP1502401_G5"
"111",7,7,"HP1502401_G6"
"112",-1,18,"HP1502401_G7"
"113",-1,18,"HP1502401_G8"
"114",-1,18,"HP1502401_H1"
"115",-1,7,"HP1502401_H11"
"116",7,7,"HP1502401_H12"
"117",15,15,"HP1502401_H13"
"118",-1,21,"HP1502401_H14"
"119",-1,18,"HP1502401_H15"
"120",-1,18,"HP1502401_H16"
"121",10,10,"HP1502401_H18"
"122",-1,7,"HP1502401_H19"
"123",-1,18,"HP1502401_H2"
"124",-1,18,"HP1502401_H20"
"125",-1,16,"HP1502401_H21"
"126",7,7,"HP1502401_H22"
"127",16,16,"HP1502401_H23"
"128",-1,18,"HP1502401_H24"
"129",-1,18,"HP1502401_H3"
"130",-1,18,"HP1502401_H4"
"131",-1,21,"HP1502401_H5"
"132",2,2,"HP1502401_H6"
"133",-1,21,"HP1502401_H7"
"134",-1,18,"HP1502401_H8"
"135",-1,18,"HP1502401_I1"
"136",10,10,"HP1502401_I12"
"137",14,14,"HP1502401_I14"
"138",-1,18,"HP1502401_I15"
"139",-1,21,"HP1502401_I16"
"140",-1,18,"HP1502401_I18"
"141",-1,9,"HP1502401_I19"
"142",16,16,"HP1502401_I2"
"143",-1,24,"HP1502401_I21"
"144",-1,18,"HP1502401_I22"
"145",-1,18,"HP1502401_I23"
"146",-1,7,"HP1502401_I24"
"147",-1,18,"HP1502401_I4"
"148",-1,7,"HP1502401_I6"
"149",2,2,"HP1502401_I7"
"150",1,1,"HP1502401_I8"
"151",2,2,"HP1502401_I9"
"152",-1,18,"HP1502401_J1"
"153",-1,7,"HP1502401_J10"
"154",-1,18,"HP1502401_J11"
"155",-1,7,"HP1502401_J12"
"156",-1,18,"HP1502401_J14"
"157",16,16,"HP1502401_J15"
"158",-1,11,"HP1502401_J16"
"159",-1,16,"HP1502401_J17"
"160",-1,18,"HP1502401_J18"
"161",16,16,"HP1502401_J19"
"162",8,8,"HP1502401_J2"
"163",-1,18,"HP1502401_J20"
"164",-1,18,"HP1502401_J21"
"165",-1,7,"HP1502401_J22"
"166",-1,18,"HP1502401_J23"
"167",16,16,"HP1502401_J24"
"168",-1,18,"HP1502401_J4"
"169",-1,18,"HP1502401_J6"
"170",-1,11,"HP1502401_J7"
"171",-1,18,"HP1502401_J8"
"172",-1,9,"HP1502401_K1"
"173",14,14,"HP1502401_K10"
"174",-1,9,"HP1502401_K11"
"175",14,14,"HP1502401_K12"
"176",15,15,"HP1502401_K14"
"177",-1,21,"HP1502401_K15"
"178",-1,18,"HP1502401_K16"
"179",-1,21,"HP1502401_K17"
"180",-1,11,"HP1502401_K18"
"181",-1,7,"HP1502401_K19"
"182",-1,18,"HP1502401_K2"
"183",-1,18,"HP1502401_K20"
"184",-1,18,"HP1502401_K21"
"185",-1,18,"HP1502401_K22"
"186",-1,23,"HP1502401_K23"
"187",-1,23,"HP1502401_K24"
"188",-1,18,"HP1502401_K3"
"189",-1,11,"HP1502401_K4"
"190",-1,18,"HP1502401_K5"
"191",-1,18,"HP1502401_K6"
"192",-1,11,"HP1502401_K7"
"193",-1,18,"HP1502401_K9"
"194",-1,18,"HP1502401_L1"
"195",7,7,"HP1502401_L10"
"196",-1,18,"HP1502401_L11"
"197",-1,18,"HP1502401_L12"
"198",-1,21,"HP1502401_L13"
"199",-1,23,"HP1502401_L14"
"200",-1,18,"HP1502401_L15"
"201",-1,18,"HP1502401_L16"
"202",-1,18,"HP1502401_L17"
"203",16,16,"HP1502401_L18"
"204",-1,18,"HP1502401_L2"
"205",-1,18,"HP1502401_L20"
"206",-1,18,"HP1502401_L21"
"207",-1,18,"HP1502401_L22"
"208",-1,18,"HP1502401_L23"
"209",-1,18,"HP1502401_L3"
"210",-1,21,"HP1502401_L4"
"211",-1,16,"HP1502401_L5"
"212",-1,18,"HP1502401_L7"
"213",-1,9,"HP1502401_L9"
"214",-1,18,"HP1502401_M1"
"215",-1,9,"HP1502401_M10"
"216",-1,18,"HP1502401_M11"
"217",7,7,"HP1502401_M12"
"218",-1,18,"HP1502401_M14"
"219",-1,18,"HP1502401_M15"
"220",16,16,"HP1502401_M16"
"221",-1,11,"HP1502401_M17"
"222",-1,18,"HP1502401_M19"
"223",-1,7,"HP1502401_M2"
"224",-1,7,"HP1502401_M20"
"225",-1,18,"HP1502401_M21"
"226",14,14,"HP1502401_M22"
"227",-1,18,"HP1502401_M23"
"228",-1,18,"HP1502401_M24"
"229",-1,18,"HP1502401_M3"
"230",-1,18,"HP1502401_M4"
"231",-1,18,"HP1502401_M5"
"232",2,2,"HP1502401_M6"
"233",-1,18,"HP1502401_M7"
"234",8,8,"HP1502401_M8"
"235",5,5,"HP1502401_N1"
"236",-1,16,"HP1502401_N10"
"237",-1,1,"HP1502401_N11"
"238",-1,18,"HP1502401_N12"
"239",-1,18,"HP1502401_N15"
"240",-1,24,"HP1502401_N16"
"241",-1,18,"HP1502401_N17"
"242",16,16,"HP1502401_N18"
"243",8,8,"HP1502401_N2"
"244",-1,18,"HP1502401_N20"
"245",-1,7,"HP1502401_N21"
"246",-1,23,"HP1502401_N23"
"247",-1,18,"HP1502401_N3"
"248",-1,21,"HP1502401_N4"
"249",2,2,"HP1502401_N7"
"250",7,7,"HP1502401_N8"
"251",-1,23,"HP1502401_N9"
"252",-1,21,"HP1502401_O1"
"253",-1,24,"HP1502401_O10"
"254",14,14,"HP1502401_O14"
"255",7,7,"HP1502401_O16"
"256",-1,21,"HP1502401_O17"
"257",2,2,"HP1502401_O18"
"258",-1,18,"HP1502401_O2"
"259",-1,18,"HP1502401_O20"
"260",-1,18,"HP1502401_O21"
"261",-1,18,"HP1502401_O22"
"262",-1,18,"HP1502401_O23"
"263",-1,9,"HP1502401_O24"
"264",-1,9,"HP1502401_O3"
"265",-1,12,"HP1502401_O4"
"266",2,2,"HP1502401_O6"
"267",5,5,"HP1502401_O7"
"268",-1,9,"HP1502401_O8"
"269",10,10,"HP1502401_O9"
"270",14,14,"HP1504101T2D_A10"
"271",-1,18,"HP1504101T2D_A12"
"272",23,23,"HP1504101T2D_A13"
"273",23,23,"HP1504101T2D_A15"
"274",15,15,"HP1504101T2D_A17"
"275",-1,23,"HP1504101T2D_A18"
"276",-1,18,"HP1504101T2D_A19"
"277",-1,23,"HP1504101T2D_A20"
"278",-1,18,"HP1504101T2D_A23"
"279",2,2,"HP1504101T2D_A24"
"280",-1,23,"HP1504101T2D_A4"
"281",-1,18,"HP1504101T2D_A5"
"282",-1,18,"HP1504101T2D_A6"
"283",-1,18,"HP1504101T2D_A8"
"284",23,23,"HP1504101T2D_B10"
"285",-1,18,"HP1504101T2D_B11"
"286",-1,23,"HP1504101T2D_B12"
"287",-1,18,"HP1504101T2D_B13"
"288",18,18,"HP1504101T2D_B16"
"289",15,15,"HP1504101T2D_B17"
"290",23,23,"HP1504101T2D_B18"
"291",-1,18,"HP1504101T2D_B21"
"292",15,15,"HP1504101T2D_B22"
"293",15,15,"HP1504101T2D_B24"
"294",-1,11,"HP1504101T2D_B3"
"295",-1,23,"HP1504101T2D_B4"
"296",23,23,"HP1504101T2D_B5"
"297",5,5,"HP1504101T2D_B6"
"298",-1,21,"HP1504101T2D_B7"
"299",-1,24,"HP1504101T2D_B8"
"300",10,10,"HP1504101T2D_C1"
"301",-1,2,"HP1504101T2D_C10"
"302",13,13,"HP1504101T2D_C11"
"303",15,15,"HP1504101T2D_C12"
"304",-1,18,"HP1504101T2D_C14"
"305",-1,18,"HP1504101T2D_C15"
"306",-1,7,"HP1504101T2D_C16"
"307",-1,18,"HP1504101T2D_C17"
"308",5,5,"HP1504101T2D_C18"
"309",-1,18,"HP1504101T2D_C20"
"310",15,15,"HP1504101T2D_C21"
"311",-1,18,"HP1504101T2D_C22"
"312",18,18,"HP1504101T2D_C4"
"313",-1,2,"HP1504101T2D_C9"
"314",-1,9,"HP1504101T2D_D1"
"315",-1,1,"HP1504101T2D_D11"
"316",-1,15,"HP1504101T2D_D12"
"317",-1,18,"HP1504101T2D_D13"
"318",23,23,"HP1504101T2D_D15"
"319",-1,23,"HP1504101T2D_D17"
"320",-1,23,"HP1504101T2D_D18"
"321",-1,18,"HP1504101T2D_D19"
"322",-1,18,"HP1504101T2D_D2"
"323",-1,23,"HP1504101T2D_D21"
"324",-1,23,"HP1504101T2D_D23"
"325",-1,23,"HP1504101T2D_D24"
"326",18,18,"HP1504101T2D_D5"
"327",-1,18,"HP1504101T2D_D6"
"328",-1,18,"HP1504101T2D_D7"
"329",-1,2,"HP1504101T2D_D8"
"330",5,5,"HP1504101T2D_D9"
"331",-1,9,"HP1504101T2D_E1"
"332",-1,9,"HP1504101T2D_E10"
"333",15,15,"HP1504101T2D_E11"
"334",-1,23,"HP1504101T2D_E14"
"335",5,5,"HP1504101T2D_E15"
"336",-1,7,"HP1504101T2D_E16"
"337",-1,23,"HP1504101T2D_E18"
"338",-1,18,"HP1504101T2D_E19"
"339",23,23,"HP1504101T2D_E20"
"340",-1,2,"HP1504101T2D_E21"
"341",-1,18,"HP1504101T2D_E22"
"342",-1,18,"HP1504101T2D_E23"
"343",5,5,"HP1504101T2D_E24"
"344",-1,9,"HP1504101T2D_E3"
"345",15,15,"HP1504101T2D_E4"
"346",-1,21,"HP1504101T2D_E6"
"347",15,15,"HP1504101T2D_E7"
"348",23,23,"HP1504101T2D_E8"
"349",-1,23,"HP1504101T2D_E9"
"350",14,14,"HP1504101T2D_F1"
"351",-1,18,"HP1504101T2D_F10"
"352",23,23,"HP1504101T2D_F11"
"353",18,18,"HP1504101T2D_F12"
"354",23,23,"HP1504101T2D_F13"
"355",15,15,"HP1504101T2D_F14"
"356",-1,18,"HP1504101T2D_F15"
"357",-1,23,"HP1504101T2D_F16"
"358",2,2,"HP1504101T2D_F17"
"359",4,4,"HP1504101T2D_F18"
"360",-1,18,"HP1504101T2D_F19"
"361",15,15,"HP1504101T2D_F2"
"362",23,23,"HP1504101T2D_F20"
"363",-1,18,"HP1504101T2D_F22"
"364",-1,18,"HP1504101T2D_F3"
"365",-1,18,"HP1504101T2D_F7"
"366",-1,18,"HP1504101T2D_G1"
"367",-1,18,"HP1504101T2D_G10"
"368",-1,18,"HP1504101T2D_G12"
"369",-1,18,"HP1504101T2D_G14"
"370",15,15,"HP1504101T2D_G16"
"371",-1,18,"HP1504101T2D_G17"
"372",-1,18,"HP1504101T2D_G19"
"373",-1,18,"HP1504101T2D_G2"
"374",-1,23,"HP1504101T2D_G21"
"375",-1,18,"HP1504101T2D_G22"
"376",-1,18,"HP1504101T2D_G23"
"377",-1,18,"HP1504101T2D_G24"
"378",23,23,"HP1504101T2D_G3"
"379",15,15,"HP1504101T2D_G4"
"380",15,15,"HP1504101T2D_G8"
"381",-1,15,"HP1504101T2D_G9"
"382",-1,23,"HP1504101T2D_H1"
"383",-1,23,"HP1504101T2D_H14"
"384",-1,18,"HP1504101T2D_H15"
"385",-1,21,"HP1504101T2D_H17"
"386",24,24,"HP1504101T2D_H18"
"387",18,18,"HP1504101T2D_H2"
"388",18,18,"HP1504101T2D_H20"
"389",-1,18,"HP1504101T2D_H21"
"390",-1,18,"HP1504101T2D_H22"
"391",5,5,"HP1504101T2D_H23"
"392",23,23,"HP1504101T2D_H24"
"393",-1,21,"HP1504101T2D_H4"
"394",2,2,"HP1504101T2D_H5"
"395",5,5,"HP1504101T2D_H6"
"396",10,10,"HP1504101T2D_H7"
"397",-1,18,"HP1504101T2D_H9"
"398",-1,18,"HP1504101T2D_I1"
"399",-1,15,"HP1504101T2D_I10"
"400",18,18,"HP1504101T2D_I14"
"401",23,23,"HP1504101T2D_I15"
"402",-1,23,"HP1504101T2D_I16"
"403",-1,18,"HP1504101T2D_I17"
"404",18,18,"HP1504101T2D_I18"
"405",-1,12,"HP1504101T2D_I2"
"406",18,18,"HP1504101T2D_I20"
"407",-1,18,"HP1504101T2D_I22"
"408",-1,18,"HP1504101T2D_I23"
"409",-1,18,"HP1504101T2D_I24"
"410",-1,18,"HP1504101T2D_I5"
"411",14,14,"HP1504101T2D_I6"
"412",1,1,"HP1504101T2D_I7"
"413",-1,18,"HP1504101T2D_I8"
"414",18,18,"HP1504101T2D_J1"
"415",-1,18,"HP1504101T2D_J11"
"416",-1,18,"HP1504101T2D_J13"
"417",2,2,"HP1504101T2D_J14"
"418",-1,18,"HP1504101T2D_J15"
"419",14,14,"HP1504101T2D_J16"
"420",-1,21,"HP1504101T2D_J18"
"421",-1,1,"HP1504101T2D_J2"
"422",-1,18,"HP1504101T2D_J20"
"423",-1,23,"HP1504101T2D_J22"
"424",-1,18,"HP1504101T2D_J24"
"425",-1,23,"HP1504101T2D_J3"
"426",15,15,"HP1504101T2D_J5"
"427",-1,18,"HP1504101T2D_J7"
"428",-1,23,"HP1504101T2D_J9"
"429",14,14,"HP1504101T2D_K10"
"430",-1,21,"HP1504101T2D_K12"
"431",-1,18,"HP1504101T2D_K17"
"432",-1,18,"HP1504101T2D_K18"
"433",14,14,"HP1504101T2D_K19"
"434",15,15,"HP1504101T2D_K2"
"435",-1,18,"HP1504101T2D_K20"
"436",-1,18,"HP1504101T2D_K22"
"437",-1,18,"HP1504101T2D_K23"
"438",-1,18,"HP1504101T2D_K24"
"439",-1,18,"HP1504101T2D_K4"
"440",15,15,"HP1504101T2D_K8"
"441",23,23,"HP1504101T2D_L1"
"442",-1,18,"HP1504101T2D_L10"
"443",2,2,"HP1504101T2D_L11"
"444",-1,15,"HP1504101T2D_L13"
"445",8,8,"HP1504101T2D_L14"
"446",23,23,"HP1504101T2D_L15"
"447",-1,18,"HP1504101T2D_L18"
"448",-1,18,"HP1504101T2D_L19"
"449",-1,18,"HP1504101T2D_L2"
"450",-1,18,"HP1504101T2D_L21"
"451",18,18,"HP1504101T2D_L23"
"452",15,15,"HP1504101T2D_L24"
"453",-1,18,"HP1504101T2D_L3"
"454",-1,18,"HP1504101T2D_L4"
"455",18,18,"HP1504101T2D_L5"
"456",-1,18,"HP1504101T2D_L7"
"457",-1,18,"HP1504101T2D_L8"
"458",15,15,"HP1504101T2D_M1"
"459",-1,18,"HP1504101T2D_M10"
"460",-1,18,"HP1504101T2D_M15"
"461",-1,18,"HP1504101T2D_M18"
"462",-1,23,"HP1504101T2D_M19"
"463",18,18,"HP1504101T2D_M2"
"464",-1,18,"HP1504101T2D_M21"
"465",-1,18,"HP1504101T2D_M23"
"466",-1,18,"HP1504101T2D_M24"
"467",23,23,"HP1504101T2D_M3"
"468",-1,9,"HP1504101T2D_M4"
"469",-1,18,"HP1504101T2D_M5"
"470",-1,18,"HP1504101T2D_M6"
"471",-1,18,"HP1504101T2D_M7"
"472",-1,9,"HP1504101T2D_M8"
"473",-1,21,"HP1504101T2D_M9"
"474",-1,18,"HP1504101T2D_N1"
"475",5,5,"HP1504101T2D_N10"
"476",-1,18,"HP1504101T2D_N12"
"477",-1,21,"HP1504101T2D_N13"
"478",-1,9,"HP1504101T2D_N15"
"479",23,23,"HP1504101T2D_N16"
"480",-1,18,"HP1504101T2D_N17"
"481",-1,18,"HP1504101T2D_N19"
"482",-1,21,"HP1504101T2D_N2"
"483",-1,23,"HP1504101T2D_N20"
"484",2,2,"HP1504101T2D_N21"
"485",-1,18,"HP1504101T2D_N22"
"486",-1,18,"HP1504101T2D_N24"
"487",-1,18,"HP1504101T2D_N5"
"488",-1,18,"HP1504101T2D_N6"
"489",-1,18,"HP1504101T2D_N7"
"490",-1,18,"HP1504101T2D_N8"
"491",-1,18,"HP1504101T2D_N9"
"492",-1,18,"HP1504101T2D_O10"
"493",15,15,"HP1504101T2D_O11"
"494",5,5,"HP1504101T2D_O12"
"495",-1,21,"HP1504101T2D_O13"
"496",-1,18,"HP1504101T2D_O14"
"497",-1,18,"HP1504101T2D_O16"
"498",-1,18,"HP1504101T2D_O20"
"499",-1,18,"HP1504101T2D_O22"
"500",23,23,"HP1504101T2D_O23"
"501",-1,24,"HP1504101T2D_O24"
"502",-1,18,"HP1504101T2D_O3"
"503",23,23,"HP1504101T2D_O4"
"504",-1,18,"HP1504101T2D_O6"
"505",-1,18,"HP1504101T2D_O9"
"506",-1,11,"HP1504101T2D_P1"
"507",-1,18,"HP1504101T2D_P11"
"508",-1,23,"HP1504101T2D_P12"
"509",-1,18,"HP1504101T2D_P14"
"510",-1,18,"HP1504101T2D_P17"
"511",-1,18,"HP1504101T2D_P18"
"512",-1,21,"HP1504101T2D_P2"
"513",-1,18,"HP1504101T2D_P21"
"514",-1,18,"HP1504101T2D_P22"
"515",-1,23,"HP1504101T2D_P24"
"516",4,4,"HP1504101T2D_P3"
"517",2,2,"HP1504101T2D_P5"
"518",-1,18,"HP1504101T2D_P7"
"519",15,15,"HP1504101T2D_P9"
"520",2,2,"HP1504901_A10"
"521",-1,12,"HP1504901_A14"
"522",7,7,"HP1504901_A16"
"523",-1,21,"HP1504901_A19"
"524",-1,21,"HP1504901_A2"
"525",-1,2,"HP1504901_A21"
"526",10,10,"HP1504901_A22"
"527",10,10,"HP1504901_A23"
"528",7,7,"HP1504901_A3"
"529",15,15,"HP1504901_A5"
"530",-1,21,"HP1504901_A9"
"531",-1,9,"HP1504901_B1"
"532",7,7,"HP1504901_B10"
"533",7,7,"HP1504901_B11"
"534",-1,5,"HP1504901_B13"
"535",-1,20,"HP1504901_B14"
"536",-1,9,"HP1504901_B15"
"537",-1,21,"HP1504901_B16"
"538",-1,18,"HP1504901_B18"
"539",23,23,"HP1504901_B20"
"540",-1,21,"HP1504901_B21"
"541",-1,5,"HP1504901_B22"
"542",15,15,"HP1504901_B23"
"543",10,10,"HP1504901_B24"
"544",-1,9,"HP1504901_B3"
"545",2,2,"HP1504901_B4"
"546",15,15,"HP1504901_B6"
"547",-1,21,"HP1504901_B7"
"548",-1,23,"HP1504901_B8"
"549",2,2,"HP1504901_B9"
"550",2,2,"HP1504901_C10"
"551",-1,21,"HP1504901_C11"
"552",-1,9,"HP1504901_C13"
"553",-1,15,"HP1504901_C14"
"554",-1,21,"HP1504901_C16"
"555",7,7,"HP1504901_C17"
"556",10,10,"HP1504901_C2"
"557",-1,11,"HP1504901_C22"
"558",-1,15,"HP1504901_C23"
"559",-1,9,"HP1504901_D1"
"560",-1,21,"HP1504901_D12"
"561",14,14,"HP1504901_D13"
"562",-1,21,"HP1504901_D14"
"563",-1,21,"HP1504901_D15"
"564",-1,18,"HP1504901_D16"
"565",-1,21,"HP1504901_D17"
"566",-1,12,"HP1504901_D18"
"567",-1,18,"HP1504901_D2"
"568",-1,12,"HP1504901_D21"
"569",-1,18,"HP1504901_D22"
"570",-1,18,"HP1504901_D23"
"571",15,15,"HP1504901_D24"
"572",-1,21,"HP1504901_D5"
"573",2,2,"HP1504901_D6"
"574",-1,5,"HP1504901_D7"
"575",-1,15,"HP1504901_D9"
"576",-1,5,"HP1504901_E10"
"577",-1,9,"HP1504901_E12"
"578",-1,18,"HP1504901_E14"
"579",7,7,"HP1504901_E16"
"580",-1,21,"HP1504901_E18"
"581",10,10,"HP1504901_E2"
"582",-1,5,"HP1504901_E21"
"583",-1,1,"HP1504901_E23"
"584",-1,21,"HP1504901_E24"
"585",16,16,"HP1504901_E6"
"586",10,10,"HP1504901_E9"
"587",-1,1,"HP1504901_F1"
"588",-1,18,"HP1504901_F10"
"589",-1,9,"HP1504901_F11"
"590",-1,21,"HP1504901_F12"
"591",-1,9,"HP1504901_F13"
"592",-1,12,"HP1504901_F14"
"593",-1,1,"HP1504901_F15"
"594",10,10,"HP1504901_F16"
"595",7,7,"HP1504901_F17"
"596",-1,15,"HP1504901_F18"
"597",-1,21,"HP1504901_F19"
"598",-1,2,"HP1504901_F2"
"599",-1,18,"HP1504901_F20"
"600",8,8,"HP1504901_F23"
"601",-1,21,"HP1504901_F24"
"602",18,18,"HP1504901_F3"
"603",-1,18,"HP1504901_F4"
"604",18,18,"HP1504901_F5"
"605",-1,20,"HP1504901_F8"
"606",-1,18,"HP1504901_F9"
"607",10,10,"HP1504901_G10"
"608",16,16,"HP1504901_G11"
"609",-1,9,"HP1504901_G12"
"610",-1,21,"HP1504901_G13"
"611",-1,21,"HP1504901_G15"
"612",5,5,"HP1504901_G16"
"613",-1,21,"HP1504901_G18"
"614",-1,21,"HP1504901_G19"
"615",-1,21,"HP1504901_G2"
"616",-1,23,"HP1504901_G20"
"617",-1,21,"HP1504901_G21"
"618",-1,12,"HP1504901_G24"
"619",-1,9,"HP1504901_G3"
"620",-1,5,"HP1504901_G4"
"621",-1,9,"HP1504901_G6"
"622",7,7,"HP1504901_G8"
"623",-1,12,"HP1504901_G9"
"624",-1,21,"HP1504901_H1"
"625",-1,12,"HP1504901_H10"
"626",-1,21,"HP1504901_H11"
"627",-1,21,"HP1504901_H12"
"628",-1,15,"HP1504901_H14"
"629",-1,20,"HP1504901_H16"
"630",-1,5,"HP1504901_H17"
"631",-1,5,"HP1504901_H18"
"632",15,15,"HP1504901_H19"
"633",-1,21,"HP1504901_H2"
"634",-1,7,"HP1504901_H22"
"635",-1,21,"HP1504901_H4"
"636",7,7,"HP1504901_H5"
"637",18,18,"HP1504901_H6"
"638",16,16,"HP1504901_I10"
"639",-1,12,"HP1504901_I12"
"640",-1,10,"HP1504901_I13"
"641",10,10,"HP1504901_I17"
"642",15,15,"HP1504901_I18"
"643",10,10,"HP1504901_I19"
"644",-1,21,"HP1504901_I2"
"645",-1,21,"HP1504901_I21"
"646",15,15,"HP1504901_I22"
"647",-1,21,"HP1504901_I23"
"648",-1,9,"HP1504901_I24"
"649",-1,21,"HP1504901_I3"
"650",2,2,"HP1504901_I7"
"651",-1,18,"HP1504901_I8"
"652",-1,21,"HP1504901_J12"
"653",-1,21,"HP1504901_J15"
"654",-1,21,"HP1504901_J17"
"655",4,4,"HP1504901_J18"
"656",-1,18,"HP1504901_J20"
"657",-1,18,"HP1504901_J22"
"658",-1,18,"HP1504901_J23"
"659",4,4,"HP1504901_J24"
"660",7,7,"HP1504901_J3"
"661",2,2,"HP1504901_J4"
"662",16,16,"HP1504901_J5"
"663",-1,21,"HP1504901_J6"
"664",7,7,"HP1504901_J7"
"665",-1,21,"HP1504901_J8"
"666",-1,15,"HP1504901_J9"
"667",-1,9,"HP1504901_K1"
"668",-1,9,"HP1504901_K12"
"669",-1,15,"HP1504901_K14"
"670",7,7,"HP1504901_K19"
"671",-1,2,"HP1504901_K20"
"672",-1,5,"HP1504901_K22"
"673",-1,6,"HP1504901_K23"
"674",-1,18,"HP1504901_K5"
"675",-1,21,"HP1504901_K6"
"676",-1,12,"HP1504901_L1"
"677",-1,21,"HP1504901_L13"
"678",-1,21,"HP1504901_L14"
"679",16,16,"HP1504901_L16"
"680",7,7,"HP1504901_L17"
"681",-1,15,"HP1504901_L18"
"682",-1,7,"HP1504901_L20"
"683",-1,9,"HP1504901_L21"
"684",-1,7,"HP1504901_L22"
"685",-1,11,"HP1504901_L24"
"686",-1,15,"HP1504901_L3"
"687",-1,5,"HP1504901_L8"
"688",15,15,"HP1504901_L9"
"689",10,10,"HP1504901_M11"
"690",-1,9,"HP1504901_M12"
"691",-1,18,"HP1504901_M18"
"692",4,4,"HP1504901_M19"
"693",-1,11,"HP1504901_M20"
"694",-1,2,"HP1504901_M21"
"695",-1,21,"HP1504901_M24"
"696",-1,9,"HP1504901_M3"
"697",15,15,"HP1504901_M4"
"698",-1,12,"HP1504901_N1"
"699",-1,21,"HP1504901_N12"
"700",7,7,"HP1504901_N13"
"701",15,15,"HP1504901_N15"
"702",-1,21,"HP1504901_N16"
"703",-1,21,"HP1504901_N17"
"704",16,16,"HP1504901_N18"
"705",-1,21,"HP1504901_N19"
"706",-1,21,"HP1504901_N2"
"707",10,10,"HP1504901_N21"
"708",-1,18,"HP1504901_N22"
"709",-1,15,"HP1504901_N23"
"710",2,2,"HP1504901_N24"
"711",-1,9,"HP1504901_N7"
"712",-1,5,"HP1504901_N8"
"713",-1,1,"HP1504901_N9"
"714",-1,12,"HP1504901_O1"
"715",-1,18,"HP1504901_O10"
"716",16,16,"HP1504901_O11"
"717",16,16,"HP1504901_O14"
"718",-1,18,"HP1504901_O16"
"719",-1,21,"HP1504901_O17"
"720",-1,5,"HP1504901_O18"
"721",-1,5,"HP1504901_O20"
"722",15,15,"HP1504901_O21"
"723",-1,23,"HP1504901_O24"
"724",6,6,"HP1504901_O4"
"725",15,15,"HP1504901_O5"
"726",-1,21,"HP1504901_O6"
"727",-1,21,"HP1504901_O7"
"728",7,7,"HP1504901_O8"
"729",-1,18,"HP1504901_O9"
"730",-1,18,"HP1504901_P10"
"731",16,16,"HP1504901_P11"
"732",7,7,"HP1504901_P14"
"733",-1,11,"HP1504901_P15"
"734",10,10,"HP1504901_P18"
"735",-1,21,"HP1504901_P20"
"736",-1,21,"HP1504901_P21"
"737",10,10,"HP1504901_P3"
"738",16,16,"HP1504901_P7"
"739",10,10,"HP1504901_P9"
"740",-1,11,"HP1506401_A12"
"741",-1,7,"HP1506401_A14"
"742",5,5,"HP1506401_A15"
"743",5,5,"HP1506401_A17"
"744",-1,11,"HP1506401_A18"
"745",-1,11,"HP1506401_A20"
"746",9,9,"HP1506401_A21"
"747",5,5,"HP1506401_A24"
"748",11,11,"HP1506401_A4"
"749",9,9,"HP1506401_A5"
"750",3,3,"HP1506401_A6"
"751",3,3,"HP1506401_A7"
"752",8,8,"HP1506401_A9"
"753",-1,3,"HP1506401_B1"
"754",5,5,"HP1506401_B11"
"755",3,3,"HP1506401_B14"
"756",4,4,"HP1506401_B15"
"757",3,3,"HP1506401_B16"
"758",-1,20,"HP1506401_B17"
"759",4,4,"HP1506401_B20"
"760",1,1,"HP1506401_B22"
"761",6,6,"HP1506401_B23"
"762",-1,19,"HP1506401_B24"
"763",1,1,"HP1506401_B3"
"764",1,1,"HP1506401_B4"
"765",13,13,"HP1506401_B5"
"766",8,8,"HP1506401_B6"
"767",5,5,"HP1506401_B8"
"768",3,3,"HP1506401_C13"
"769",5,5,"HP1506401_C15"
"770",-1,11,"HP1506401_C16"
"771",-1,20,"HP1506401_C17"
"772",-1,18,"HP1506401_C18"
"773",3,3,"HP1506401_C23"
"774",13,13,"HP1506401_C24"
"775",5,5,"HP1506401_C4"
"776",9,9,"HP1506401_C5"
"777",13,13,"HP1506401_C7"
"778",5,5,"HP1506401_C8"
"779",5,5,"HP1506401_C9"
"780",-1,20,"HP1506401_D1"
"781",3,3,"HP1506401_D12"
"782",5,5,"HP1506401_D13"
"783",-1,13,"HP1506401_D14"
"784",6,6,"HP1506401_D15"
"785",6,6,"HP1506401_D17"
"786",-1,20,"HP1506401_D2"
"787",8,8,"HP1506401_D24"
"788",3,3,"HP1506401_D3"
"789",-1,11,"HP1506401_D7"
"790",6,6,"HP1506401_D8"
"791",1,1,"HP1506401_D9"
"792",9,9,"HP1506401_E11"
"793",1,1,"HP1506401_E12"
"794",9,9,"HP1506401_E15"
"795",2,2,"HP1506401_E16"
"796",6,6,"HP1506401_E17"
"797",3,3,"HP1506401_E18"
"798",-1,11,"HP1506401_E20"
"799",3,3,"HP1506401_E23"
"800",3,3,"HP1506401_E24"
"801",-1,7,"HP1506401_E4"
"802",-1,22,"HP1506401_E6"
"803",3,3,"HP1506401_E8"
"804",6,6,"HP1506401_F10"
"805",5,5,"HP1506401_F11"
"806",5,5,"HP1506401_F12"
"807",12,12,"HP1506401_F13"
"808",-1,11,"HP1506401_F16"
"809",9,9,"HP1506401_F17"
"810",5,5,"HP1506401_F18"
"811",6,6,"HP1506401_F19"
"812",8,8,"HP1506401_F2"
"813",6,6,"HP1506401_F21"
"814",-1,5,"HP1506401_F22"
"815",-1,24,"HP1506401_F23"
"816",5,5,"HP1506401_F24"
"817",14,14,"HP1506401_F3"
"818",13,13,"HP1506401_F5"
"819",5,5,"HP1506401_F8"
"820",5,5,"HP1506401_F9"
"821",9,9,"HP1506401_G1"
"822",2,2,"HP1506401_G11"
"823",5,5,"HP1506401_G12"
"824",9,9,"HP1506401_G13"
"825",3,3,"HP1506401_G14"
"826",3,3,"HP1506401_G16"
"827",6,6,"HP1506401_G18"
"828",-1,11,"HP1506401_G19"
"829",6,6,"HP1506401_G2"
"830",6,6,"HP1506401_G20"
"831",-1,20,"HP1506401_G21"
"832",6,6,"HP1506401_G23"
"833",9,9,"HP1506401_G24"
"834",9,9,"HP1506401_G3"
"835",8,8,"HP1506401_G4"
"836",9,9,"HP1506401_G5"
"837",5,5,"HP1506401_G6"
"838",1,1,"HP1506401_G8"
"839",5,5,"HP1506401_G9"
"840",13,13,"HP1506401_H1"
"841",9,9,"HP1506401_H13"
"842",9,9,"HP1506401_H14"
"843",3,3,"HP1506401_H15"
"844",3,3,"HP1506401_H16"
"845",8,8,"HP1506401_H18"
"846",1,1,"HP1506401_H19"
"847",-1,17,"HP1506401_H2"
"848",9,9,"HP1506401_H22"
"849",-1,11,"HP1506401_H23"
"850",8,8,"HP1506401_H3"
"851",-1,24,"HP1506401_H4"
"852",6,6,"HP1506401_H6"
"853",-1,13,"HP1506401_H7"
"854",-1,11,"HP1506401_H9"
"855",1,1,"HP1506401_I1"
"856",3,3,"HP1506401_I10"
"857",5,5,"HP1506401_I11"
"858",5,5,"HP1506401_I12"
"859",-1,3,"HP1506401_I13"
"860",1,1,"HP1506401_I14"
"861",8,8,"HP1506401_I15"
"862",1,1,"HP1506401_I17"
"863",13,13,"HP1506401_I18"
"864",1,1,"HP1506401_I2"
"865",-1,20,"HP1506401_I21"
"866",5,5,"HP1506401_I23"
"867",6,6,"HP1506401_I24"
"868",6,6,"HP1506401_I4"
"869",3,3,"HP1506401_I6"
"870",9,9,"HP1506401_I8"
"871",8,8,"HP1506401_J11"
"872",8,8,"HP1506401_J14"
"873",-1,3,"HP1506401_J15"
"874",-1,9,"HP1506401_J16"
"875",5,5,"HP1506401_J17"
"876",5,5,"HP1506401_J19"
"877",13,13,"HP1506401_J2"
"878",-1,24,"HP1506401_J20"
"879",-1,11,"HP1506401_J21"
"880",11,11,"HP1506401_J22"
"881",8,8,"HP1506401_J23"
"882",3,3,"HP1506401_J24"
"883",3,3,"HP1506401_J3"
"884",9,9,"HP1506401_J4"
"885",6,6,"HP1506401_J5"
"886",3,3,"HP1506401_J6"
"887",-1,11,"HP1506401_J7"
"888",6,6,"HP1506401_J8"
"889",13,13,"HP1506401_J9"
"890",5,5,"HP1506401_K1"
"891",-1,9,"HP1506401_K12"
"892",3,3,"HP1506401_K14"
"893",3,3,"HP1506401_K15"
"894",6,6,"HP1506401_K16"
"895",22,22,"HP1506401_K17"
"896",-1,9,"HP1506401_K18"
"897",-1,11,"HP1506401_K19"
"898",13,13,"HP1506401_K2"
"899",5,5,"HP1506401_K21"
"900",1,1,"HP1506401_K22"
"901",1,1,"HP1506401_K23"
"902",-1,11,"HP1506401_K4"
"903",-1,11,"HP1506401_K6"
"904",6,6,"HP1506401_L1"
"905",-1,11,"HP1506401_L10"
"906",3,3,"HP1506401_L11"
"907",-1,11,"HP1506401_L13"
"908",5,5,"HP1506401_L14"
"909",1,1,"HP1506401_L17"
"910",13,13,"HP1506401_L18"
"911",3,3,"HP1506401_L19"
"912",-1,5,"HP1506401_L2"
"913",-1,24,"HP1506401_L20"
"914",6,6,"HP1506401_L21"
"915",3,3,"HP1506401_L22"
"916",-1,18,"HP1506401_L23"
"917",-1,3,"HP1506401_L3"
"918",6,6,"HP1506401_L4"
"919",5,5,"HP1506401_L5"
"920",3,3,"HP1506401_L7"
"921",13,13,"HP1506401_L9"
"922",-1,3,"HP1506401_M1"
"923",6,6,"HP1506401_M11"
"924",9,9,"HP1506401_M12"
"925",6,6,"HP1506401_M16"
"926",13,13,"HP1506401_M17"
"927",13,13,"HP1506401_M18"
"928",3,3,"HP1506401_M19"
"929",-1,6,"HP1506401_M21"
"930",13,13,"HP1506401_M4"
"931",1,1,"HP1506401_M6"
"932",13,13,"HP1506401_M8"
"933",14,14,"HP1506401_N1"
"934",6,6,"HP1506401_N10"
"935",5,5,"HP1506401_N11"
"936",3,3,"HP1506401_N15"
"937",6,6,"HP1506401_N16"
"938",-1,11,"HP1506401_N17"
"939",-1,9,"HP1506401_N19"
"940",5,5,"HP1506401_N20"
"941",3,3,"HP1506401_N22"
"942",3,3,"HP1506401_N23"
"943",8,8,"HP1506401_N24"
"944",9,9,"HP1506401_N4"
"945",3,3,"HP1506401_N5"
"946",3,3,"HP1506401_N9"
"947",5,5,"HP1506401_O10"
"948",5,5,"HP1506401_O11"
"949",3,3,"HP1506401_O12"
"950",3,3,"HP1506401_O16"
"951",3,3,"HP1506401_O18"
"952",6,6,"HP1506401_O2"
"953",3,3,"HP1506401_O21"
"954",9,9,"HP1506401_O23"
"955",3,3,"HP1506401_O24"
"956",9,9,"HP1506401_O3"
"957",-1,11,"HP1506401_O4"
"958",-1,3,"HP1506401_O7"
"959",6,6,"HP1506401_O8"
"960",11,11,"HP1506401_P1"
"961",3,3,"HP1506401_P10"
"962",6,6,"HP1506401_P11"
"963",5,5,"HP1506401_P12"
"964",5,5,"HP1506401_P14"
"965",3,3,"HP1506401_P17"
"966",9,9,"HP1506401_P19"
"967",-1,7,"HP1506401_P20"
"968",-1,11,"HP1506401_P21"
"969",6,6,"HP1506401_P22"
"970",3,3,"HP1506401_P23"
"971",9,9,"HP1506401_P3"
"972",-1,13,"HP1506401_P4"
"973",-1,20,"HP1506401_P5"
"974",5,5,"HP1507101_A12"
"975",-1,9,"HP1507101_A14"
"976",-1,9,"HP1507101_A20"
"977",-1,9,"HP1507101_A22"
"978",-1,18,"HP1507101_A4"
"979",2,2,"HP1507101_A5"
"980",5,5,"HP1507101_A6"
"981",-1,9,"HP1507101_B1"
"982",-1,9,"HP1507101_B12"
"983",-1,9,"HP1507101_B13"
"984",-1,12,"HP1507101_B14"
"985",-1,5,"HP1507101_B15"
"986",-1,9,"HP1507101_B16"
"987",-1,12,"HP1507101_B18"
"988",-1,9,"HP1507101_B19"
"989",15,15,"HP1507101_B20"
"990",-1,9,"HP1507101_B23"
"991",-1,9,"HP1507101_B24"
"992",-1,9,"HP1507101_B3"
"993",-1,9,"HP1507101_B4"
"994",5,5,"HP1507101_B5"
"995",-1,9,"HP1507101_B6"
"996",-1,9,"HP1507101_B7"
"997",-1,7,"HP1507101_C10"
"998",5,5,"HP1507101_C12"
"999",-1,9,"HP1507101_C14"
"1000",-1,9,"HP1507101_C18"
"1001",-1,18,"HP1507101_C2"
"1002",-1,21,"HP1507101_C4"
"1003",-1,9,"HP1507101_C5"
"1004",5,5,"HP1507101_C7"
"1005",-1,9,"HP1507101_C8"
"1006",-1,21,"HP1507101_D1"
"1007",10,10,"HP1507101_D10"
"1008",-1,9,"HP1507101_D12"
"1009",-1,9,"HP1507101_D14"
"1010",-1,9,"HP1507101_D15"
"1011",-1,9,"HP1507101_D17"
"1012",-1,18,"HP1507101_D18"
"1013",-1,9,"HP1507101_D2"
"1014",5,5,"HP1507101_D22"
"1015",5,5,"HP1507101_D23"
"1016",5,5,"HP1507101_D3"
"1017",-1,9,"HP1507101_D5"
"1018",5,5,"HP1507101_D6"
"1019",-1,9,"HP1507101_D8"
"1020",4,4,"HP1507101_D9"
"1021",-1,18,"HP1507101_E10"
"1022",-1,12,"HP1507101_E12"
"1023",5,5,"HP1507101_E14"
"1024",-1,9,"HP1507101_E2"
"1025",-1,9,"HP1507101_E20"
"1026",8,8,"HP1507101_E22"
"1027",-1,9,"HP1507101_E24"
"1028",-1,9,"HP1507101_E6"
"1029",-1,9,"HP1507101_E7"
"1030",-1,9,"HP1507101_E8"
"1031",-1,9,"HP1507101_E9"
"1032",-1,18,"HP1507101_F1"
"1033",2,2,"HP1507101_F10"
"1034",5,5,"HP1507101_F11"
"1035",-1,2,"HP1507101_F12"
"1036",-1,9,"HP1507101_F13"
"1037",5,5,"HP1507101_F14"
"1038",6,6,"HP1507101_F15"
"1039",-1,9,"HP1507101_F16"
"1040",-1,9,"HP1507101_F18"
"1041",-1,9,"HP1507101_F19"
"1042",-1,9,"HP1507101_F2"
"1043",-1,9,"HP1507101_F20"
"1044",-1,9,"HP1507101_F22"
"1045",5,5,"HP1507101_F23"
"1046",-1,9,"HP1507101_F3"
"1047",5,5,"HP1507101_F4"
"1048",-1,9,"HP1507101_F5"
"1049",-1,18,"HP1507101_F7"
"1050",-1,18,"HP1507101_F8"
"1051",20,20,"HP1507101_G10"
"1052",-1,21,"HP1507101_G12"
"1053",-1,11,"HP1507101_G13"
"1054",-1,18,"HP1507101_G14"
"1055",-1,9,"HP1507101_G15"
"1056",-1,9,"HP1507101_G16"
"1057",-1,9,"HP1507101_G18"
"1058",4,4,"HP1507101_G2"
"1059",-1,9,"HP1507101_G22"
"1060",-1,9,"HP1507101_G23"
"1061",-1,9,"HP1507101_G6"
"1062",-1,9,"HP1507101_G8"
"1063",-1,18,"HP1507101_H1"
"1064",-1,5,"HP1507101_H10"
"1065",-1,9,"HP1507101_H11"
"1066",-1,18,"HP1507101_H12"
"1067",-1,9,"HP1507101_H14"
"1068",-1,21,"HP1507101_H15"
"1069",6,6,"HP1507101_H16"
"1070",5,5,"HP1507101_H17"
"1071",-1,9,"HP1507101_H22"
"1072",-1,9,"HP1507101_H23"
"1073",-1,9,"HP1507101_H3"
"1074",5,5,"HP1507101_H4"
"1075",-1,9,"HP1507101_H5"
"1076",-1,21,"HP1507101_H6"
"1077",-1,9,"HP1507101_H7"
"1078",-1,9,"HP1507101_H9"
"1079",-1,9,"HP1507101_I11"
"1080",5,5,"HP1507101_I12"
"1081",-1,21,"HP1507101_I13"
"1082",-1,9,"HP1507101_I16"
"1083",-1,18,"HP1507101_I17"
"1084",5,5,"HP1507101_I18"
"1085",-1,9,"HP1507101_I19"
"1086",-1,18,"HP1507101_I2"
"1087",-1,21,"HP1507101_I20"
"1088",-1,9,"HP1507101_I22"
"1089",-1,9,"HP1507101_I4"
"1090",-1,9,"HP1507101_I5"
"1091",-1,18,"HP1507101_I6"
"1092",-1,9,"HP1507101_I8"
"1093",-1,9,"HP1507101_J1"
"1094",-1,9,"HP1507101_J11"
"1095",4,4,"HP1507101_J12"
"1096",-1,18,"HP1507101_J13"
"1097",20,20,"HP1507101_J15"
"1098",-1,9,"HP1507101_J17"
"1099",-1,9,"HP1507101_J18"
"1100",5,5,"HP1507101_J19"
"1101",-1,18,"HP1507101_J2"
"1102",5,5,"HP1507101_J20"
"1103",-1,9,"HP1507101_J21"
"1104",-1,9,"HP1507101_J22"
"1105",-1,9,"HP1507101_J23"
"1106",-1,9,"HP1507101_J24"
"1107",-1,18,"HP1507101_J3"
"1108",-1,9,"HP1507101_J5"
"1109",8,8,"HP1507101_J7"
"1110",-1,7,"HP1507101_J8"
"1111",4,4,"HP1507101_K13"
"1112",5,5,"HP1507101_K15"
"1113",20,20,"HP1507101_K16"
"1114",4,4,"HP1507101_K20"
"1115",5,5,"HP1507101_K23"
"1116",-1,9,"HP1507101_K3"
"1117",-1,9,"HP1507101_K4"
"1118",-1,9,"HP1507101_K8"
"1119",4,4,"HP1507101_L1"
"1120",-1,9,"HP1507101_L11"
"1121",-1,9,"HP1507101_L14"
"1122",5,5,"HP1507101_L16"
"1123",14,14,"HP1507101_L17"
"1124",-1,9,"HP1507101_L18"
"1125",-1,9,"HP1507101_L19"
"1126",-1,9,"HP1507101_L2"
"1127",-1,9,"HP1507101_L21"
"1128",5,5,"HP1507101_L22"
"1129",2,2,"HP1507101_L23"
"1130",5,5,"HP1507101_L24"
"1131",-1,9,"HP1507101_L3"
"1132",2,2,"HP1507101_L4"
"1133",-1,9,"HP1507101_L5"
"1134",-1,9,"HP1507101_L7"
"1135",-1,9,"HP1507101_M12"
"1136",-1,9,"HP1507101_M18"
"1137",-1,18,"HP1507101_M2"
"1138",-1,1,"HP1507101_M22"
"1139",-1,9,"HP1507101_M4"
"1140",5,5,"HP1507101_M8"
"1141",-1,9,"HP1507101_N1"
"1142",5,5,"HP1507101_N13"
"1143",-1,9,"HP1507101_N16"
"1144",-1,9,"HP1507101_N19"
"1145",-1,9,"HP1507101_N2"
"1146",-1,9,"HP1507101_N20"
"1147",-1,7,"HP1507101_N21"
"1148",-1,9,"HP1507101_N4"
"1149",5,5,"HP1507101_N5"
"1150",5,5,"HP1507101_N6"
"1151",20,20,"HP1507101_N8"
"1152",-1,21,"HP1507101_N9"
"1153",-1,9,"HP1507101_O1"
"1154",-1,9,"HP1507101_O11"
"1155",20,20,"HP1507101_O12"
"1156",-1,9,"HP1507101_O13"
"1157",5,5,"HP1507101_O14"
"1158",-1,18,"HP1507101_O16"
"1159",5,5,"HP1507101_O19"
"1160",-1,9,"HP1507101_O20"
"1161",-1,9,"HP1507101_O22"
"1162",2,2,"HP1507101_O23"
"1163",5,5,"HP1507101_O3"
"1164",-1,9,"HP1507101_O5"
"1165",5,5,"HP1507101_O8"
"1166",20,20,"HP1507101_P1"
"1167",-1,9,"HP1507101_P10"
"1168",-1,5,"HP1507101_P11"
"1169",-1,9,"HP1507101_P12"
"1170",5,5,"HP1507101_P2"
"1171",2,2,"HP1507101_P21"
"1172",-1,9,"HP1507101_P23"
"1173",-1,21,"HP1507101_P3"
"1174",-1,9,"HP1507101_P4"
"1175",-1,12,"HP1507101_P5"
"1176",-1,11,"HP1507101_P8"
"1177",5,5,"HP1508501T2D_A10"
"1178",8,8,"HP1508501T2D_A11"
"1179",-1,18,"HP1508501T2D_A12"
"1180",-1,18,"HP1508501T2D_A13"
"1181",9,9,"HP1508501T2D_A14"
"1182",-1,9,"HP1508501T2D_A15"
"1183",9,9,"HP1508501T2D_A16"
"1184",6,6,"HP1508501T2D_A17"
"1185",1,1,"HP1508501T2D_A19"
"1186",14,14,"HP1508501T2D_A23"
"1187",9,9,"HP1508501T2D_A3"
"1188",-1,11,"HP1508501T2D_A4"
"1189",-1,22,"HP1508501T2D_A7"
"1190",4,4,"HP1508501T2D_A8"
"1191",1,1,"HP1508501T2D_B10"
"1192",-1,9,"HP1508501T2D_B11"
"1193",-1,18,"HP1508501T2D_B12"
"1194",3,3,"HP1508501T2D_B14"
"1195",12,12,"HP1508501T2D_B15"
"1196",5,5,"HP1508501T2D_B16"
"1197",24,24,"HP1508501T2D_B17"
"1198",-1,16,"HP1508501T2D_B18"
"1199",6,6,"HP1508501T2D_B19"
"1200",5,5,"HP1508501T2D_B20"
"1201",-1,7,"HP1508501T2D_B21"
"1202",-1,9,"HP1508501T2D_B23"
"1203",-1,18,"HP1508501T2D_B3"
"1204",-1,9,"HP1508501T2D_B4"
"1205",-1,9,"HP1508501T2D_B5"
"1206",-1,18,"HP1508501T2D_B8"
"1207",-1,9,"HP1508501T2D_B9"
"1208",-1,9,"HP1508501T2D_C10"
"1209",-1,20,"HP1508501T2D_C11"
"1210",4,4,"HP1508501T2D_C12"
"1211",-1,12,"HP1508501T2D_C13"
"1212",5,5,"HP1508501T2D_C14"
"1213",24,24,"HP1508501T2D_C15"
"1214",2,2,"HP1508501T2D_C16"
"1215",7,7,"HP1508501T2D_C17"
"1216",-1,16,"HP1508501T2D_C18"
"1217",6,6,"HP1508501T2D_C19"
"1218",-1,6,"HP1508501T2D_C2"
"1219",-1,9,"HP1508501T2D_C20"
"1220",-1,18,"HP1508501T2D_C23"
"1221",5,5,"HP1508501T2D_C4"
"1222",2,2,"HP1508501T2D_C8"
"1223",10,10,"HP1508501T2D_C9"
"1224",-1,9,"HP1508501T2D_D1"
"1225",-1,12,"HP1508501T2D_D10"
"1226",-1,9,"HP1508501T2D_D11"
"1227",-1,9,"HP1508501T2D_D13"
"1228",-1,9,"HP1508501T2D_D14"
"1229",-1,2,"HP1508501T2D_D15"
"1230",-1,9,"HP1508501T2D_D16"
"1231",-1,18,"HP1508501T2D_D17"
"1232",13,13,"HP1508501T2D_D18"
"1233",-1,18,"HP1508501T2D_D2"
"1234",-1,9,"HP1508501T2D_D20"
"1235",-1,15,"HP1508501T2D_D21"
"1236",-1,6,"HP1508501T2D_D22"
"1237",-1,12,"HP1508501T2D_D3"
"1238",-1,9,"HP1508501T2D_D5"
"1239",-1,9,"HP1508501T2D_D6"
"1240",-1,18,"HP1508501T2D_D8"
"1241",13,13,"HP1508501T2D_D9"
"1242",4,4,"HP1508501T2D_E1"
"1243",-1,9,"HP1508501T2D_E10"
"1244",6,6,"HP1508501T2D_E11"
"1245",-1,9,"HP1508501T2D_E12"
"1246",-1,9,"HP1508501T2D_E13"
"1247",-1,9,"HP1508501T2D_E14"
"1248",-1,19,"HP1508501T2D_E15"
"1249",11,11,"HP1508501T2D_E16"
"1250",17,17,"HP1508501T2D_E17"
"1251",-1,18,"HP1508501T2D_E18"
"1252",9,9,"HP1508501T2D_E19"
"1253",-1,9,"HP1508501T2D_E2"
"1254",4,4,"HP1508501T2D_E20"
"1255",-1,9,"HP1508501T2D_E21"
"1256",-1,18,"HP1508501T2D_E22"
"1257",9,9,"HP1508501T2D_E23"
"1258",3,3,"HP1508501T2D_E4"
"1259",-1,9,"HP1508501T2D_E6"
"1260",-1,17,"HP1508501T2D_E7"
"1261",-1,9,"HP1508501T2D_E8"
"1262",-1,24,"HP1508501T2D_E9"
"1263",5,5,"HP1508501T2D_F1"
"1264",1,1,"HP1508501T2D_F11"
"1265",-1,24,"HP1508501T2D_F12"
"1266",10,10,"HP1508501T2D_F14"
"1267",-1,17,"HP1508501T2D_F15"
"1268",-1,18,"HP1508501T2D_F16"
"1269",-1,18,"HP1508501T2D_F17"
"1270",-1,18,"HP1508501T2D_F18"
"1271",-1,18,"HP1508501T2D_F2"
"1272",-1,18,"HP1508501T2D_F20"
"1273",8,8,"HP1508501T2D_F21"
"1274",-1,11,"HP1508501T2D_F22"
"1275",-1,9,"HP1508501T2D_F23"
"1276",5,5,"HP1508501T2D_F3"
"1277",6,6,"HP1508501T2D_F4"
"1278",-1,11,"HP1508501T2D_F5"
"1279",-1,5,"HP1508501T2D_F7"
"1280",-1,16,"HP1508501T2D_F8"
"1281",-1,9,"HP1508501T2D_F9"
"1282",-1,24,"HP1508501T2D_G1"
"1283",-1,18,"HP1508501T2D_G10"
"1284",-1,18,"HP1508501T2D_G11"
"1285",13,13,"HP1508501T2D_G12"
"1286",17,17,"HP1508501T2D_G13"
"1287",-1,17,"HP1508501T2D_G14"
"1288",-1,21,"HP1508501T2D_G15"
"1289",-1,15,"HP1508501T2D_G16"
"1290",8,8,"HP1508501T2D_G17"
"1291",8,8,"HP1508501T2D_G18"
"1292",8,8,"HP1508501T2D_G19"
"1293",-1,16,"HP1508501T2D_G2"
"1294",-1,9,"HP1508501T2D_G20"
"1295",-1,9,"HP1508501T2D_G21"
"1296",15,15,"HP1508501T2D_G22"
"1297",8,8,"HP1508501T2D_G23"
"1298",-1,24,"HP1508501T2D_G3"
"1299",-1,9,"HP1508501T2D_G4"
"1300",5,5,"HP1508501T2D_G5"
"1301",-1,11,"HP1508501T2D_G6"
"1302",-1,9,"HP1508501T2D_G9"
"1303",-1,9,"HP1508501T2D_H10"
"1304",2,2,"HP1508501T2D_H11"
"1305",10,10,"HP1508501T2D_H12"
"1306",17,17,"HP1508501T2D_H13"
"1307",-1,22,"HP1508501T2D_H14"
"1308",-1,9,"HP1508501T2D_H15"
"1309",8,8,"HP1508501T2D_H16"
"1310",6,6,"HP1508501T2D_H17"
"1311",1,1,"HP1508501T2D_H18"
"1312",-1,5,"HP1508501T2D_H2"
"1313",-1,18,"HP1508501T2D_H21"
"1314",-1,9,"HP1508501T2D_H22"
"1315",-1,9,"HP1508501T2D_H23"
"1316",9,9,"HP1508501T2D_H3"
"1317",-1,18,"HP1508501T2D_H4"
"1318",4,4,"HP1508501T2D_H5"
"1319",-1,18,"HP1508501T2D_H6"
"1320",17,17,"HP1508501T2D_I1"
"1321",-1,8,"HP1508501T2D_I10"
"1322",-1,24,"HP1508501T2D_I11"
"1323",19,19,"HP1508501T2D_I12"
"1324",-1,20,"HP1508501T2D_I13"
"1325",-1,12,"HP1508501T2D_I14"
"1326",-1,9,"HP1508501T2D_I15"
"1327",12,12,"HP1508501T2D_I16"
"1328",-1,24,"HP1508501T2D_I17"
"1329",2,2,"HP1508501T2D_I18"
"1330",4,4,"HP1508501T2D_I19"
"1331",-1,9,"HP1508501T2D_I2"
"1332",-1,9,"HP1508501T2D_I20"
"1333",19,19,"HP1508501T2D_I21"
"1334",-1,18,"HP1508501T2D_I22"
"1335",2,2,"HP1508501T2D_I23"
"1336",4,4,"HP1508501T2D_I3"
"1337",19,19,"HP1508501T2D_I4"
"1338",8,8,"HP1508501T2D_I7"
"1339",5,5,"HP1508501T2D_I8"
"1340",-1,18,"HP1508501T2D_J1"
"1341",-1,24,"HP1508501T2D_J11"
"1342",-1,18,"HP1508501T2D_J12"
"1343",24,24,"HP1508501T2D_J13"
"1344",24,24,"HP1508501T2D_J14"
"1345",-1,6,"HP1508501T2D_J15"
"1346",-1,19,"HP1508501T2D_J16"
"1347",-1,1,"HP1508501T2D_J17"
"1348",2,2,"HP1508501T2D_J18"
"1349",4,4,"HP1508501T2D_J2"
"1350",-1,9,"HP1508501T2D_J20"
"1351",-1,18,"HP1508501T2D_J21"
"1352",-1,19,"HP1508501T2D_J22"
"1353",13,13,"HP1508501T2D_J23"
"1354",-1,18,"HP1508501T2D_J3"
"1355",12,12,"HP1508501T2D_J4"
"1356",-1,9,"HP1508501T2D_J5"
"1357",5,5,"HP1508501T2D_J6"
"1358",12,12,"HP1508501T2D_J8"
"1359",-1,9,"HP1508501T2D_J9"
"1360",-1,9,"HP1508501T2D_K1"
"1361",-1,9,"HP1508501T2D_K12"
"1362",-1,12,"HP1508501T2D_K14"
"1363",11,11,"HP1508501T2D_K15"
"1364",1,1,"HP1508501T2D_K16"
"1365",-1,18,"HP1508501T2D_K17"
"1366",10,10,"HP1508501T2D_K18"
"1367",-1,12,"HP1508501T2D_K19"
"1368",-1,24,"HP1508501T2D_K2"
"1369",-1,5,"HP1508501T2D_K20"
"1370",-1,9,"HP1508501T2D_K21"
"1371",11,11,"HP1508501T2D_K22"
"1372",-1,24,"HP1508501T2D_K23"
"1373",6,6,"HP1508501T2D_K3"
"1374",-1,12,"HP1508501T2D_K4"
"1375",3,3,"HP1508501T2D_K6"
"1376",24,24,"HP1508501T2D_K7"
"1377",-1,9,"HP1508501T2D_K9"
"1378",4,4,"HP1508501T2D_L10"
"1379",6,6,"HP1508501T2D_L11"
"1380",9,9,"HP1508501T2D_L13"
"1381",-1,18,"HP1508501T2D_L14"
"1382",4,4,"HP1508501T2D_L15"
"1383",-1,9,"HP1508501T2D_L16"
"1384",-1,2,"HP1508501T2D_L17"
"1385",-1,9,"HP1508501T2D_L18"
"1386",8,8,"HP1508501T2D_L2"
"1387",-1,11,"HP1508501T2D_L20"
"1388",6,6,"HP1508501T2D_L21"
"1389",-1,11,"HP1508501T2D_L23"
"1390",-1,11,"HP1508501T2D_L5"
"1391",-1,9,"HP1508501T2D_L6"
"1392",-1,9,"HP1508501T2D_L7"
"1393",-1,24,"HP1508501T2D_L9"
"1394",10,10,"HP1508501T2D_M1"
"1395",4,4,"HP1508501T2D_M10"
"1396",8,8,"HP1508501T2D_M11"
"1397",12,12,"HP1508501T2D_M12"
"1398",5,5,"HP1508501T2D_M14"
"1399",-1,20,"HP1508501T2D_M15"
"1400",4,4,"HP1508501T2D_M16"
"1401",-1,16,"HP1508501T2D_M17"
"1402",13,13,"HP1508501T2D_M18"
"1403",-1,9,"HP1508501T2D_M19"
"1404",-1,9,"HP1508501T2D_M20"
"1405",-1,16,"HP1508501T2D_M22"
"1406",16,16,"HP1508501T2D_M23"
"1407",19,19,"HP1508501T2D_M3"
"1408",-1,9,"HP1508501T2D_M4"
"1409",-1,9,"HP1508501T2D_M5"
"1410",3,3,"HP1508501T2D_M7"
"1411",9,9,"HP1508501T2D_M8"
"1412",12,12,"HP1508501T2D_M9"
"1413",-1,16,"HP1508501T2D_N1"
"1414",-1,24,"HP1508501T2D_N10"
"1415",-1,9,"HP1508501T2D_N11"
"1416",-1,13,"HP1508501T2D_N13"
"1417",-1,17,"HP1508501T2D_N15"
"1418",-1,6,"HP1508501T2D_N17"
"1419",-1,21,"HP1508501T2D_N18"
"1420",-1,11,"HP1508501T2D_N19"
"1421",24,24,"HP1508501T2D_N2"
"1422",-1,9,"HP1508501T2D_N20"
"1423",8,8,"HP1508501T2D_N21"
"1424",-1,24,"HP1508501T2D_N22"
"1425",17,17,"HP1508501T2D_N23"
"1426",-1,18,"HP1508501T2D_N4"
"1427",-1,11,"HP1508501T2D_N5"
"1428",-1,6,"HP1508501T2D_N6"
"1429",6,6,"HP1508501T2D_N7"
"1430",-1,17,"HP1508501T2D_N8"
"1431",-1,22,"HP1508501T2D_N9"
"1432",-1,18,"HP1508501T2D_O1"
"1433",8,8,"HP1508501T2D_O11"
"1434",-1,6,"HP1508501T2D_O12"
"1435",8,8,"HP1508501T2D_O13"
"1436",-1,9,"HP1508501T2D_O14"
"1437",24,24,"HP1508501T2D_O3"
"1438",5,5,"HP1508501T2D_O4"
"1439",8,8,"HP1508501T2D_O7"
"1440",17,17,"HP1508501T2D_O8"
"1441",-1,6,"HP1508501T2D_O9"
"1442",-1,5,"HP1508501T2D_P1"
"1443",12,12,"HP1508501T2D_P11"
"1444",-1,13,"HP1508501T2D_P14"
"1445",-1,17,"HP1508501T2D_P2"
"1446",-1,18,"HP1508501T2D_P3"
"1447",1,1,"HP1508501T2D_P4"
"1448",-1,9,"HP1508501T2D_P5"
"1449",-1,9,"HP1508501T2D_P6"
"1450",9,9,"HP1508501T2D_P7"
"1451",-1,18,"HP1508501T2D_P8"
"1452",-1,9,"HP1508501T2D_P9"
"1453",-1,9,"HP1509101_A3"
"1454",-1,9,"HP1509101_A7"
"1455",6,6,"HP1509101_A8"
"1456",-1,9,"HP1509101_B10"
"1457",-1,9,"HP1509101_B13"
"1458",13,13,"HP1509101_B16"
"1459",4,4,"HP1509101_B17"
"1460",6,6,"HP1509101_B19"
"1461",-1,18,"HP1509101_B20"
"1462",-1,11,"HP1509101_B23"
"1463",5,5,"HP1509101_C1"
"1464",6,6,"HP1509101_C21"
"1465",-1,9,"HP1509101_C22"
"1466",-1,5,"HP1509101_C23"
"1467",6,6,"HP1509101_D17"
"1468",5,5,"HP1509101_D18"
"1469",-1,9,"HP1509101_D19"
"1470",2,2,"HP1509101_D22"
"1471",6,6,"HP1509101_D23"
"1472",-1,9,"HP1509101_D5"
"1473",-1,18,"HP1509101_D8"
"1474",-1,9,"HP1509101_E19"
"1475",-1,7,"HP1509101_E22"
"1476",11,11,"HP1509101_E3"
"1477",-1,2,"HP1509101_E4"
"1478",-1,11,"HP1509101_F18"
"1479",-1,9,"HP1509101_F19"
"1480",-1,23,"HP1509101_F21"
"1481",6,6,"HP1509101_F22"
"1482",4,4,"HP1509101_F23"
"1483",-1,9,"HP1509101_F4"
"1484",20,20,"HP1509101_F7"
"1485",-1,9,"HP1509101_G16"
"1486",-1,9,"HP1509101_G18"
"1487",12,12,"HP1509101_G19"
"1488",5,5,"HP1509101_G9"
"1489",-1,11,"HP1509101_H1"
"1490",2,2,"HP1509101_H13"
"1491",17,17,"HP1509101_H20"
"1492",-1,9,"HP1509101_H21"
"1493",-1,18,"HP1509101_H22"
"1494",-1,18,"HP1509101_H23"
"1495",-1,9,"HP1509101_H7"
"1496",-1,9,"HP1509101_I10"
"1497",20,20,"HP1509101_I12"
"1498",4,4,"HP1509101_I17"
"1499",-1,9,"HP1509101_I21"
"1500",-1,18,"HP1509101_I23"
"1501",-1,9,"HP1509101_I5"
"1502",-1,9,"HP1509101_J12"
"1503",-1,9,"HP1509101_J15"
"1504",2,2,"HP1509101_J16"
"1505",5,5,"HP1509101_J19"
"1506",-1,9,"HP1509101_J20"
"1507",17,17,"HP1509101_J22"
"1508",-1,22,"HP1509101_J23"
"1509",-1,9,"HP1509101_J4"
"1510",-1,9,"HP1509101_J8"
"1511",-1,22,"HP1509101_J9"
"1512",-1,11,"HP1509101_K10"
"1513",6,6,"HP1509101_K15"
"1514",6,6,"HP1509101_K19"
"1515",-1,9,"HP1509101_K22"
"1516",5,5,"HP1509101_K9"
"1517",-1,9,"HP1509101_L11"
"1518",20,20,"HP1509101_L13"
"1519",-1,11,"HP1509101_L14"
"1520",-1,11,"HP1509101_L16"
"1521",-1,9,"HP1509101_L17"
"1522",4,4,"HP1509101_L18"
"1523",2,2,"HP1509101_L19"
"1524",2,2,"HP1509101_L23"
"1525",-1,12,"HP1509101_L8"
"1526",-1,18,"HP1509101_M10"
"1527",-1,9,"HP1509101_M12"
"1528",-1,18,"HP1509101_N17"
"1529",-1,9,"HP1509101_N18"
"1530",12,12,"HP1509101_N20"
"1531",-1,11,"HP1509101_N23"
"1532",-1,9,"HP1509101_N9"
"1533",2,2,"HP1509101_O1"
"1534",-1,9,"HP1509101_O13"
"1535",6,6,"HP1509101_O14"
"1536",-1,9,"HP1509101_O16"
"1537",-1,11,"HP1509101_O18"
"1538",2,2,"HP1509101_O4"
"1539",-1,9,"HP1509101_O7"
"1540",12,12,"HP1509101_O9"
"1541",-1,5,"HP1509101_P1"
"1542",2,2,"HP1509101_P12"
"1543",20,20,"HP1509101_P17"
"1544",-1,18,"HP1509101_P18"
"1545",-1,9,"HP1509101_P20"
"1546",5,5,"HP1509101_P23"
"1547",-1,9,"HP1509101_P4"
"1548",5,5,"HP1509101_P7"
"1549",-1,20,"HP1509101_P8"
"1550",-1,17,"HP1509101_P9"
"1551",6,6,"HP1525301T2D_A1"
"1552",-1,12,"HP1525301T2D_A11"
"1553",22,22,"HP1525301T2D_A12"
"1554",17,17,"HP1525301T2D_A13"
"1555",11,11,"HP1525301T2D_A14"
"1556",-1,6,"HP1525301T2D_A15"
"1557",-1,12,"HP1525301T2D_A16"
"1558",11,11,"HP1525301T2D_A17"
"1559",6,6,"HP1525301T2D_A19"
"1560",12,12,"HP1525301T2D_A3"
"1561",9,9,"HP1525301T2D_A5"
"1562",12,12,"HP1525301T2D_A6"
"1563",2,2,"HP1525301T2D_A7"
"1564",12,12,"HP1525301T2D_A9"
"1565",-1,12,"HP1525301T2D_B1"
"1566",17,17,"HP1525301T2D_B10"
"1567",12,12,"HP1525301T2D_B11"
"1568",8,8,"HP1525301T2D_B12"
"1569",-1,9,"HP1525301T2D_B13"
"1570",6,6,"HP1525301T2D_B14"
"1571",-1,9,"HP1525301T2D_B15"
"1572",-1,12,"HP1525301T2D_B18"
"1573",-1,19,"HP1525301T2D_B21"
"1574",-1,6,"HP1525301T2D_B24"
"1575",-1,6,"HP1525301T2D_B3"
"1576",9,9,"HP1525301T2D_B4"
"1577",1,1,"HP1525301T2D_B5"
"1578",4,4,"HP1525301T2D_B6"
"1579",9,9,"HP1525301T2D_B7"
"1580",1,1,"HP1525301T2D_B8"
"1581",12,12,"HP1525301T2D_C1"
"1582",12,12,"HP1525301T2D_C10"
"1583",6,6,"HP1525301T2D_C11"
"1584",11,11,"HP1525301T2D_C13"
"1585",8,8,"HP1525301T2D_C14"
"1586",22,22,"HP1525301T2D_C15"
"1587",9,9,"HP1525301T2D_C16"
"1588",22,22,"HP1525301T2D_C17"
"1589",6,6,"HP1525301T2D_C19"
"1590",12,12,"HP1525301T2D_C2"
"1591",19,19,"HP1525301T2D_C21"
"1592",6,6,"HP1525301T2D_C22"
"1593",-1,13,"HP1525301T2D_C23"
"1594",6,6,"HP1525301T2D_C24"
"1595",22,22,"HP1525301T2D_C3"
"1596",6,6,"HP1525301T2D_C4"
"1597",9,9,"HP1525301T2D_C5"
"1598",-1,6,"HP1525301T2D_C6"
"1599",-1,22,"HP1525301T2D_C7"
"1600",12,12,"HP1525301T2D_C8"
"1601",24,24,"HP1525301T2D_C9"
"1602",11,11,"HP1525301T2D_D1"
"1603",8,8,"HP1525301T2D_D10"
"1604",-1,12,"HP1525301T2D_D11"
"1605",1,1,"HP1525301T2D_D12"
"1606",19,19,"HP1525301T2D_D14"
"1607",6,6,"HP1525301T2D_D15"
"1608",-1,9,"HP1525301T2D_D19"
"1609",-1,11,"HP1525301T2D_D2"
"1610",4,4,"HP1525301T2D_D21"
"1611",-1,19,"HP1525301T2D_D22"
"1612",5,5,"HP1525301T2D_D23"
"1613",-1,6,"HP1525301T2D_D3"
"1614",6,6,"HP1525301T2D_D4"
"1615",-1,11,"HP1525301T2D_D6"
"1616",6,6,"HP1525301T2D_D8"
"1617",9,9,"HP1525301T2D_D9"
"1618",9,9,"HP1525301T2D_E1"
"1619",11,11,"HP1525301T2D_E11"
"1620",4,4,"HP1525301T2D_E12"
"1621",9,9,"HP1525301T2D_E13"
"1622",-1,22,"HP1525301T2D_E15"
"1623",9,9,"HP1525301T2D_E16"
"1624",6,6,"HP1525301T2D_E17"
"1625",1,1,"HP1525301T2D_E19"
"1626",8,8,"HP1525301T2D_E2"
"1627",-1,12,"HP1525301T2D_E22"
"1628",-1,12,"HP1525301T2D_E23"
"1629",4,4,"HP1525301T2D_E24"
"1630",1,1,"HP1525301T2D_E3"
"1631",4,4,"HP1525301T2D_E5"
"1632",9,9,"HP1525301T2D_E7"
"1633",-1,9,"HP1525301T2D_E8"
"1634",13,13,"HP1525301T2D_F10"
"1635",6,6,"HP1525301T2D_F12"
"1636",-1,9,"HP1525301T2D_F13"
"1637",5,5,"HP1525301T2D_F15"
"1638",11,11,"HP1525301T2D_F16"
"1639",9,9,"HP1525301T2D_F19"
"1640",-1,9,"HP1525301T2D_F2"
"1641",6,6,"HP1525301T2D_F21"
"1642",-1,5,"HP1525301T2D_F23"
"1643",4,4,"HP1525301T2D_F24"
"1644",8,8,"HP1525301T2D_F3"
"1645",12,12,"HP1525301T2D_F4"
"1646",13,13,"HP1525301T2D_F5"
"1647",4,4,"HP1525301T2D_F7"
"1648",6,6,"HP1525301T2D_F8"
"1649",-1,12,"HP1525301T2D_G1"
"1650",17,17,"HP1525301T2D_G10"
"1651",9,9,"HP1525301T2D_G11"
"1652",6,6,"HP1525301T2D_G13"
"1653",-1,6,"HP1525301T2D_G14"
"1654",-1,9,"HP1525301T2D_G15"
"1655",8,8,"HP1525301T2D_G17"
"1656",12,12,"HP1525301T2D_G18"
"1657",9,9,"HP1525301T2D_G19"
"1658",-1,22,"HP1525301T2D_G20"
"1659",6,6,"HP1525301T2D_G21"
"1660",9,9,"HP1525301T2D_G22"
"1661",1,1,"HP1525301T2D_G23"
"1662",17,17,"HP1525301T2D_G3"
"1663",9,9,"HP1525301T2D_G4"
"1664",-1,22,"HP1525301T2D_G5"
"1665",5,5,"HP1525301T2D_G8"
"1666",6,6,"HP1525301T2D_G9"
"1667",6,6,"HP1525301T2D_H1"
"1668",5,5,"HP1525301T2D_H10"
"1669",19,19,"HP1525301T2D_H11"
"1670",9,9,"HP1525301T2D_H12"
"1671",22,22,"HP1525301T2D_H14"
"1672",22,22,"HP1525301T2D_H16"
"1673",-1,6,"HP1525301T2D_H17"
"1674",-1,6,"HP1525301T2D_H18"
"1675",9,9,"HP1525301T2D_H19"
"1676",6,6,"HP1525301T2D_H2"
"1677",-1,9,"HP1525301T2D_H20"
"1678",12,12,"HP1525301T2D_H23"
"1679",6,6,"HP1525301T2D_H24"
"1680",-1,19,"HP1525301T2D_H3"
"1681",9,9,"HP1525301T2D_H6"
"1682",12,12,"HP1525301T2D_H7"
"1683",14,14,"HP1525301T2D_H8"
"1684",8,8,"HP1525301T2D_H9"
"1685",-1,22,"HP1525301T2D_I1"
"1686",-1,6,"HP1525301T2D_I10"
"1687",10,10,"HP1525301T2D_I11"
"1688",12,12,"HP1525301T2D_I12"
"1689",6,6,"HP1525301T2D_I15"
"1690",6,6,"HP1525301T2D_I16"
"1691",-1,11,"HP1525301T2D_I17"
"1692",6,6,"HP1525301T2D_I18"
"1693",-1,19,"HP1525301T2D_I19"
"1694",9,9,"HP1525301T2D_I2"
"1695",9,9,"HP1525301T2D_I21"
"1696",19,19,"HP1525301T2D_I22"
"1697",17,17,"HP1525301T2D_I23"
"1698",-1,6,"HP1525301T2D_I24"
"1699",17,17,"HP1525301T2D_I3"
"1700",9,9,"HP1525301T2D_I4"
"1701",-1,9,"HP1525301T2D_I5"
"1702",5,5,"HP1525301T2D_I6"
"1703",9,9,"HP1525301T2D_I7"
"1704",-1,6,"HP1525301T2D_I8"
"1705",9,9,"HP1525301T2D_J1"
"1706",2,2,"HP1525301T2D_J10"
"1707",-1,12,"HP1525301T2D_J13"
"1708",9,9,"HP1525301T2D_J14"
"1709",6,6,"HP1525301T2D_J15"
"1710",8,8,"HP1525301T2D_J16"
"1711",4,4,"HP1525301T2D_J17"
"1712",1,1,"HP1525301T2D_J18"
"1713",9,9,"HP1525301T2D_J19"
"1714",9,9,"HP1525301T2D_J2"
"1715",11,11,"HP1525301T2D_J20"
"1716",19,19,"HP1525301T2D_J21"
"1717",-1,11,"HP1525301T2D_J22"
"1718",8,8,"HP1525301T2D_J23"
"1719",9,9,"HP1525301T2D_J4"
"1720",-1,8,"HP1525301T2D_J5"
"1721",22,22,"HP1525301T2D_J7"
"1722",12,12,"HP1525301T2D_J8"
"1723",-1,22,"HP1525301T2D_J9"
"1724",6,6,"HP1525301T2D_K1"
"1725",4,4,"HP1525301T2D_K10"
"1726",19,19,"HP1525301T2D_K11"
"1727",17,17,"HP1525301T2D_K12"
"1728",-1,6,"HP1525301T2D_K14"
"1729",9,9,"HP1525301T2D_K15"
"1730",-1,6,"HP1525301T2D_K16"
"1731",-1,22,"HP1525301T2D_K17"
"1732",19,19,"HP1525301T2D_K18"
"1733",9,9,"HP1525301T2D_K19"
"1734",6,6,"HP1525301T2D_K2"
"1735",-1,6,"HP1525301T2D_K21"
"1736",9,9,"HP1525301T2D_K22"
"1737",9,9,"HP1525301T2D_K23"
"1738",9,9,"HP1525301T2D_K3"
"1739",8,8,"HP1525301T2D_K5"
"1740",17,17,"HP1525301T2D_K6"
"1741",3,3,"HP1525301T2D_K7"
"1742",-1,11,"HP1525301T2D_K8"
"1743",6,6,"HP1525301T2D_L1"
"1744",-1,6,"HP1525301T2D_L13"
"1745",5,5,"HP1525301T2D_L14"
"1746",12,12,"HP1525301T2D_L15"
"1747",-1,6,"HP1525301T2D_L16"
"1748",5,5,"HP1525301T2D_L17"
"1749",-1,11,"HP1525301T2D_L19"
"1750",-1,6,"HP1525301T2D_L2"
"1751",-1,6,"HP1525301T2D_L20"
"1752",-1,9,"HP1525301T2D_L22"
"1753",-1,17,"HP1525301T2D_L23"
"1754",12,12,"HP1525301T2D_L24"
"1755",-1,6,"HP1525301T2D_L4"
"1756",8,8,"HP1525301T2D_L5"
"1757",19,19,"HP1525301T2D_L6"
"1758",4,4,"HP1525301T2D_L8"
"1759",12,12,"HP1525301T2D_L9"
"1760",9,9,"HP1525301T2D_M10"
"1761",24,24,"HP1525301T2D_M11"
"1762",6,6,"HP1525301T2D_M12"
"1763",9,9,"HP1525301T2D_M13"
"1764",5,5,"HP1525301T2D_M14"
"1765",6,6,"HP1525301T2D_M15"
"1766",9,9,"HP1525301T2D_M16"
"1767",-1,2,"HP1525301T2D_M17"
"1768",-1,11,"HP1525301T2D_M19"
"1769",4,4,"HP1525301T2D_M2"
"1770",11,11,"HP1525301T2D_M20"
"1771",-1,19,"HP1525301T2D_M22"
"1772",-1,11,"HP1525301T2D_M23"
"1773",13,13,"HP1525301T2D_M5"
"1774",6,6,"HP1525301T2D_M6"
"1775",5,5,"HP1525301T2D_M7"
"1776",9,9,"HP1525301T2D_M8"
"1777",11,11,"HP1525301T2D_M9"
"1778",-1,6,"HP1525301T2D_N1"
"1779",-1,11,"HP1525301T2D_N10"
"1780",17,17,"HP1525301T2D_N11"
"1781",22,22,"HP1525301T2D_N12"
"1782",12,12,"HP1525301T2D_N13"
"1783",6,6,"HP1525301T2D_N14"
"1784",6,6,"HP1525301T2D_N16"
"1785",5,5,"HP1525301T2D_N18"
"1786",11,11,"HP1525301T2D_N20"
"1787",1,1,"HP1525301T2D_N21"
"1788",-1,11,"HP1525301T2D_N22"
"1789",-1,12,"HP1525301T2D_N23"
"1790",9,9,"HP1525301T2D_N24"
"1791",5,5,"HP1525301T2D_N3"
"1792",11,11,"HP1525301T2D_N4"
"1793",6,6,"HP1525301T2D_N5"
"1794",19,19,"HP1525301T2D_N6"
"1795",-1,12,"HP1525301T2D_N7"
"1796",-1,12,"HP1525301T2D_N8"
"1797",-1,12,"HP1525301T2D_N9"
"1798",-1,13,"HP1525301T2D_O1"
"1799",1,1,"HP1525301T2D_O11"
"1800",12,12,"HP1525301T2D_O13"
"1801",-1,6,"HP1525301T2D_O14"
"1802",11,11,"HP1525301T2D_O16"
"1803",22,22,"HP1525301T2D_O17"
"1804",9,9,"HP1525301T2D_O18"
"1805",2,2,"HP1525301T2D_O2"
"1806",17,17,"HP1525301T2D_O20"
"1807",6,6,"HP1525301T2D_O22"
"1808",11,11,"HP1525301T2D_O23"
"1809",6,6,"HP1525301T2D_O24"
"1810",8,8,"HP1525301T2D_O3"
"1811",9,9,"HP1525301T2D_O5"
"1812",-1,9,"HP1525301T2D_O6"
"1813",11,11,"HP1525301T2D_O7"
"1814",4,4,"HP1525301T2D_O9"
"1815",6,6,"HP1525301T2D_P1"
"1816",12,12,"HP1525301T2D_P11"
"1817",-1,6,"HP1525301T2D_P13"
"1818",6,6,"HP1525301T2D_P14"
"1819",10,10,"HP1525301T2D_P15"
"1820",4,4,"HP1525301T2D_P16"
"1821",-1,12,"HP1525301T2D_P17"
"1822",-1,9,"HP1525301T2D_P18"
"1823",-1,6,"HP1525301T2D_P19"
"1824",11,11,"HP1525301T2D_P2"
"1825",22,22,"HP1525301T2D_P20"
"1826",17,17,"HP1525301T2D_P21"
"1827",12,12,"HP1525301T2D_P22"
"1828",-1,6,"HP1525301T2D_P23"
"1829",12,12,"HP1525301T2D_P24"
"1830",22,22,"HP1525301T2D_P4"
"1831",6,6,"HP1525301T2D_P5"
"1832",9,9,"HP1525301T2D_P6"
"1833",12,12,"HP1525301T2D_P8"
"1834",12,12,"HP1525301T2D_P9"
"1835",5,5,"HP1526901T2D_A1"
"1836",2,2,"HP1526901T2D_A10"
"1837",6,6,"HP1526901T2D_A11"
"1838",-1,21,"HP1526901T2D_A12"
"1839",5,5,"HP1526901T2D_A13"
"1840",5,5,"HP1526901T2D_A14"
"1841",1,1,"HP1526901T2D_A15"
"1842",2,2,"HP1526901T2D_A16"
"1843",-1,21,"HP1526901T2D_A17"
"1844",5,5,"HP1526901T2D_A19"
"1845",5,5,"HP1526901T2D_A2"
"1846",-1,15,"HP1526901T2D_A20"
"1847",11,11,"HP1526901T2D_A21"
"1848",2,2,"HP1526901T2D_A22"
"1849",5,5,"HP1526901T2D_A23"
"1850",20,20,"HP1526901T2D_A24"
"1851",-1,21,"HP1526901T2D_A3"
"1852",2,2,"HP1526901T2D_A4"
"1853",5,5,"HP1526901T2D_A5"
"1854",3,3,"HP1526901T2D_A6"
"1855",-1,18,"HP1526901T2D_A7"
"1856",-1,9,"HP1526901T2D_A8"
"1857",-1,9,"HP1526901T2D_A9"
"1858",5,5,"HP1526901T2D_B1"
"1859",5,5,"HP1526901T2D_B10"
"1860",21,21,"HP1526901T2D_B11"
"1861",-1,21,"HP1526901T2D_B12"
"1862",1,1,"HP1526901T2D_B13"
"1863",-1,21,"HP1526901T2D_B14"
"1864",-1,21,"HP1526901T2D_B17"
"1865",2,2,"HP1526901T2D_B18"
"1866",-1,21,"HP1526901T2D_B20"
"1867",11,11,"HP1526901T2D_B23"
"1868",20,20,"HP1526901T2D_B24"
"1869",-1,20,"HP1526901T2D_B3"
"1870",5,5,"HP1526901T2D_B4"
"1871",-1,19,"HP1526901T2D_B5"
"1872",2,2,"HP1526901T2D_B6"
"1873",2,2,"HP1526901T2D_B7"
"1874",5,5,"HP1526901T2D_B9"
"1875",-1,2,"HP1526901T2D_C1"
"1876",5,5,"HP1526901T2D_C10"
"1877",5,5,"HP1526901T2D_C11"
"1878",1,1,"HP1526901T2D_C13"
"1879",6,6,"HP1526901T2D_C14"
"1880",2,2,"HP1526901T2D_C15"
"1881",-1,21,"HP1526901T2D_C16"
"1882",-1,9,"HP1526901T2D_C17"
"1883",15,15,"HP1526901T2D_C19"
"1884",-1,21,"HP1526901T2D_C2"
"1885",-1,11,"HP1526901T2D_C20"
"1886",-1,20,"HP1526901T2D_C22"
"1887",20,20,"HP1526901T2D_C23"
"1888",2,2,"HP1526901T2D_C24"
"1889",5,5,"HP1526901T2D_C3"
"1890",-1,21,"HP1526901T2D_C4"
"1891",-1,21,"HP1526901T2D_C6"
"1892",3,3,"HP1526901T2D_C8"
"1893",-1,21,"HP1526901T2D_D1"
"1894",1,1,"HP1526901T2D_D10"
"1895",20,20,"HP1526901T2D_D12"
"1896",1,1,"HP1526901T2D_D14"
"1897",-1,21,"HP1526901T2D_D16"
"1898",5,5,"HP1526901T2D_D17"
"1899",-1,12,"HP1526901T2D_D18"
"1900",5,5,"HP1526901T2D_D19"
"1901",11,11,"HP1526901T2D_D2"
"1902",2,2,"HP1526901T2D_D21"
"1903",6,6,"HP1526901T2D_D22"
"1904",-1,11,"HP1526901T2D_D24"
"1905",-1,20,"HP1526901T2D_D3"
"1906",6,6,"HP1526901T2D_D4"
"1907",-1,21,"HP1526901T2D_D5"
"1908",8,8,"HP1526901T2D_D7"
"1909",-1,9,"HP1526901T2D_D8"
"1910",12,12,"HP1526901T2D_D9"
"1911",6,6,"HP1526901T2D_E1"
"1912",1,1,"HP1526901T2D_E10"
"1913",5,5,"HP1526901T2D_E11"
"1914",-1,20,"HP1526901T2D_E14"
"1915",4,4,"HP1526901T2D_E15"
"1916",8,8,"HP1526901T2D_E16"
"1917",-1,9,"HP1526901T2D_E18"
"1918",2,2,"HP1526901T2D_E19"
"1919",5,5,"HP1526901T2D_E2"
"1920",2,2,"HP1526901T2D_E20"
"1921",2,2,"HP1526901T2D_E21"
"1922",6,6,"HP1526901T2D_E22"
"1923",20,20,"HP1526901T2D_E23"
"1924",2,2,"HP1526901T2D_E3"
"1925",1,1,"HP1526901T2D_E4"
"1926",-1,15,"HP1526901T2D_E5"
"1927",-1,21,"HP1526901T2D_E6"
"1928",-1,12,"HP1526901T2D_E8"
"1929",20,20,"HP1526901T2D_E9"
"1930",-1,12,"HP1526901T2D_F1"
"1931",-1,21,"HP1526901T2D_F10"
"1932",1,1,"HP1526901T2D_F12"
"1933",11,11,"HP1526901T2D_F15"
"1934",20,20,"HP1526901T2D_F16"
"1935",5,5,"HP1526901T2D_F17"
"1936",5,5,"HP1526901T2D_F18"
"1937",21,21,"HP1526901T2D_F19"
"1938",-1,9,"HP1526901T2D_F2"
"1939",-1,12,"HP1526901T2D_F20"
"1940",-1,21,"HP1526901T2D_F21"
"1941",11,11,"HP1526901T2D_F22"
"1942",2,2,"HP1526901T2D_F23"
"1943",-1,20,"HP1526901T2D_F24"
"1944",-1,21,"HP1526901T2D_F3"
"1945",5,5,"HP1526901T2D_F5"
"1946",1,1,"HP1526901T2D_F7"
"1947",11,11,"HP1526901T2D_F8"
"1948",-1,21,"HP1526901T2D_F9"
"1949",15,15,"HP1526901T2D_G1"
"1950",-1,21,"HP1526901T2D_G10"
"1951",10,10,"HP1526901T2D_G11"
"1952",-1,21,"HP1526901T2D_G13"
"1953",-1,21,"HP1526901T2D_G14"
"1954",-1,21,"HP1526901T2D_G16"
"1955",5,5,"HP1526901T2D_G17"
"1956",-1,21,"HP1526901T2D_G18"
"1957",-1,15,"HP1526901T2D_G19"
"1958",2,2,"HP1526901T2D_G2"
"1959",5,5,"HP1526901T2D_G21"
"1960",20,20,"HP1526901T2D_G22"
"1961",2,2,"HP1526901T2D_G23"
"1962",-1,6,"HP1526901T2D_G24"
"1963",5,5,"HP1526901T2D_G4"
"1964",21,21,"HP1526901T2D_G7"
"1965",-1,21,"HP1526901T2D_G8"
"1966",1,1,"HP1526901T2D_G9"
"1967",5,5,"HP1526901T2D_H10"
"1968",9,9,"HP1526901T2D_H12"
"1969",5,5,"HP1526901T2D_H14"
"1970",1,1,"HP1526901T2D_H16"
"1971",-1,21,"HP1526901T2D_H17"
"1972",2,2,"HP1526901T2D_H18"
"1973",21,21,"HP1526901T2D_H19"
"1974",-1,20,"HP1526901T2D_H2"
"1975",-1,5,"HP1526901T2D_H20"
"1976",6,6,"HP1526901T2D_H21"
"1977",5,5,"HP1526901T2D_H22"
"1978",15,15,"HP1526901T2D_H23"
"1979",5,5,"HP1526901T2D_H24"
"1980",1,1,"HP1526901T2D_H3"
"1981",5,5,"HP1526901T2D_H4"
"1982",20,20,"HP1526901T2D_H5"
"1983",21,21,"HP1526901T2D_H6"
"1984",20,20,"HP1526901T2D_H8"
"1985",6,6,"HP1526901T2D_H9"
"1986",6,6,"HP1526901T2D_I1"
"1987",2,2,"HP1526901T2D_I10"
"1988",-1,2,"HP1526901T2D_I11"
"1989",14,14,"HP1526901T2D_I12"
"1990",5,5,"HP1526901T2D_I13"
"1991",-1,21,"HP1526901T2D_I14"
"1992",-1,21,"HP1526901T2D_I15"
"1993",-1,21,"HP1526901T2D_I16"
"1994",8,8,"HP1526901T2D_I17"
"1995",2,2,"HP1526901T2D_I18"
"1996",2,2,"HP1526901T2D_I19"
"1997",5,5,"HP1526901T2D_I20"
"1998",-1,9,"HP1526901T2D_I21"
"1999",5,5,"HP1526901T2D_I22"
"2000",1,1,"HP1526901T2D_I24"
"2001",5,5,"HP1526901T2D_I3"
"2002",-1,21,"HP1526901T2D_I4"
"2003",5,5,"HP1526901T2D_I5"
"2004",-1,21,"HP1526901T2D_I6"
"2005",21,21,"HP1526901T2D_I7"
"2006",-1,9,"HP1526901T2D_I8"
"2007",4,4,"HP1526901T2D_I9"
"2008",2,2,"HP1526901T2D_J1"
"2009",11,11,"HP1526901T2D_J11"
"2010",6,6,"HP1526901T2D_J12"
"2011",-1,21,"HP1526901T2D_J13"
"2012",21,21,"HP1526901T2D_J14"
"2013",15,15,"HP1526901T2D_J17"
"2014",6,6,"HP1526901T2D_J18"
"2015",-1,21,"HP1526901T2D_J19"
"2016",-1,12,"HP1526901T2D_J2"
"2017",2,2,"HP1526901T2D_J20"
"2018",5,5,"HP1526901T2D_J21"
"2019",2,2,"HP1526901T2D_J22"
"2020",-1,18,"HP1526901T2D_J24"
"2021",11,11,"HP1526901T2D_J3"
"2022",-1,21,"HP1526901T2D_J4"
"2023",5,5,"HP1526901T2D_J5"
"2024",5,5,"HP1526901T2D_J6"
"2025",-1,21,"HP1526901T2D_J8"
"2026",6,6,"HP1526901T2D_K1"
"2027",-1,18,"HP1526901T2D_K10"
"2028",1,1,"HP1526901T2D_K11"
"2029",1,1,"HP1526901T2D_K12"
"2030",-1,9,"HP1526901T2D_K14"
"2031",-1,21,"HP1526901T2D_K15"
"2032",8,8,"HP1526901T2D_K17"
"2033",-1,21,"HP1526901T2D_K18"
"2034",6,6,"HP1526901T2D_K19"
"2035",21,21,"HP1526901T2D_K2"
"2036",5,5,"HP1526901T2D_K20"
"2037",1,1,"HP1526901T2D_K21"
"2038",2,2,"HP1526901T2D_K22"
"2039",-1,5,"HP1526901T2D_K23"
"2040",2,2,"HP1526901T2D_K24"
"2041",5,5,"HP1526901T2D_K3"
"2042",6,6,"HP1526901T2D_K4"
"2043",-1,9,"HP1526901T2D_K6"
"2044",5,5,"HP1526901T2D_K7"
"2045",7,7,"HP1526901T2D_L1"
"2046",-1,12,"HP1526901T2D_L11"
"2047",1,1,"HP1526901T2D_L12"
"2048",21,21,"HP1526901T2D_L13"
"2049",-1,1,"HP1526901T2D_L14"
"2050",-1,11,"HP1526901T2D_L15"
"2051",-1,21,"HP1526901T2D_L16"
"2052",-1,12,"HP1526901T2D_L17"
"2053",21,21,"HP1526901T2D_L19"
"2054",-1,21,"HP1526901T2D_L2"
"2055",-1,21,"HP1526901T2D_L21"
"2056",-1,21,"HP1526901T2D_L23"
"2057",2,2,"HP1526901T2D_L24"
"2058",-1,21,"HP1526901T2D_L3"
"2059",5,5,"HP1526901T2D_L4"
"2060",-1,21,"HP1526901T2D_L5"
"2061",-1,5,"HP1526901T2D_L6"
"2062",-1,1,"HP1526901T2D_L7"
"2063",-1,18,"HP1526901T2D_M1"
"2064",15,15,"HP1526901T2D_M13"
"2065",-1,11,"HP1526901T2D_M14"
"2066",5,5,"HP1526901T2D_M15"
"2067",-1,21,"HP1526901T2D_M16"
"2068",8,8,"HP1526901T2D_M18"
"2069",2,2,"HP1526901T2D_M19"
"2070",5,5,"HP1526901T2D_M2"
"2071",20,20,"HP1526901T2D_M20"
"2072",-1,18,"HP1526901T2D_M21"
"2073",1,1,"HP1526901T2D_M22"
"2074",-1,21,"HP1526901T2D_M23"
"2075",-1,5,"HP1526901T2D_M24"
"2076",1,1,"HP1526901T2D_M3"
"2077",-1,21,"HP1526901T2D_M4"
"2078",-1,21,"HP1526901T2D_M7"
"2079",6,6,"HP1526901T2D_M8"
"2080",5,5,"HP1526901T2D_N1"
"2081",-1,21,"HP1526901T2D_N10"
"2082",20,20,"HP1526901T2D_N11"
"2083",5,5,"HP1526901T2D_N12"
"2084",5,5,"HP1526901T2D_N13"
"2085",-1,21,"HP1526901T2D_N14"
"2086",-1,21,"HP1526901T2D_N15"
"2087",2,2,"HP1526901T2D_N16"
"2088",1,1,"HP1526901T2D_N18"
"2089",15,15,"HP1526901T2D_N19"
"2090",-1,21,"HP1526901T2D_N2"
"2091",1,1,"HP1526901T2D_N20"
"2092",20,20,"HP1526901T2D_N21"
"2093",5,5,"HP1526901T2D_N23"
"2094",5,5,"HP1526901T2D_N3"
"2095",8,8,"HP1526901T2D_N4"
"2096",-1,21,"HP1526901T2D_N6"
"2097",8,8,"HP1526901T2D_N7"
"2098",-1,21,"HP1526901T2D_N8"
"2099",-1,21,"HP1526901T2D_N9"
"2100",5,5,"HP1526901T2D_O1"
"2101",1,1,"HP1526901T2D_O10"
"2102",10,10,"HP1526901T2D_O12"
"2103",-1,9,"HP1526901T2D_O13"
"2104",5,5,"HP1526901T2D_O14"
"2105",5,5,"HP1526901T2D_O15"
"2106",5,5,"HP1526901T2D_O17"
"2107",8,8,"HP1526901T2D_O19"
"2108",4,4,"HP1526901T2D_O2"
"2109",-1,21,"HP1526901T2D_O21"
"2110",12,12,"HP1526901T2D_O22"
"2111",21,21,"HP1526901T2D_O23"
"2112",5,5,"HP1526901T2D_O24"
"2113",1,1,"HP1526901T2D_O3"
"2114",20,20,"HP1526901T2D_O4"
"2115",20,20,"HP1526901T2D_O5"
"2116",-1,21,"HP1526901T2D_O6"
"2117",2,2,"HP1526901T2D_O7"
"2118",5,5,"HP1526901T2D_O8"
"2119",2,2,"HP1526901T2D_O9"
"2120",-1,21,"HP1526901T2D_P1"
"2121",5,5,"HP1526901T2D_P10"
"2122",5,5,"HP1526901T2D_P11"
"2123",-1,12,"HP1526901T2D_P12"
"2124",4,4,"HP1526901T2D_P13"
"2125",-1,21,"HP1526901T2D_P14"
"2126",-1,9,"HP1526901T2D_P17"
"2127",5,5,"HP1526901T2D_P18"
"2128",-1,9,"HP1526901T2D_P19"
"2129",21,21,"HP1526901T2D_P2"
"2130",21,21,"HP1526901T2D_P20"
"2131",12,12,"HP1526901T2D_P21"
"2132",2,2,"HP1526901T2D_P22"
"2133",-1,1,"HP1526901T2D_P23"
"2134",5,5,"HP1526901T2D_P4"
"2135",5,5,"HP1526901T2D_P7"
"2136",5,5,"HP1526901T2D_P9"
