sc3.sc3_0,sc3.sc3_0.01,Monocle.Monocle_0,Monocle.Monocle_0.01,Seurat.Seurat_0,Seurat.Seurat_0.01,cells
16,15,2,2,20,20,HP1502401_A10
7,6,23,23,3,3,HP1502401_A12
12,11,8,8,18,18,HP1502401_A14
7,6,5,5,3,3,HP1502401_A15
7,6,17,17,3,3,HP1502401_A17
13,12,10,10,6,6,HP1502401_A18
13,12,10,10,6,6,HP1502401_A2
18,17,5,5,22,22,HP1502401_A20
18,17,5,5,22,22,HP1502401_A21
12,11,8,8,18,18,HP1502401_A22
18,17,5,5,22,22,HP1502401_A23
13,12,10,10,6,6,HP1502401_A24
7,6,14,14,3,3,HP1502401_A4
16,15,2,2,20,20,HP1502401_A6
16,15,2,2,19,19,HP1502401_A7
16,15,2,2,20,20,HP1502401_B1
7,6,22,22,27,26,HP1502401_B10
9,8,6,6,13,13,HP1502401_B11
16,15,2,2,20,20,HP1502401_B14
9,8,6,6,13,13,HP1502401_B15
7,6,5,5,3,3,HP1502401_B16
12,11,8,8,18,18,HP1502401_B17
9,8,3,3,13,13,HP1502401_B18
7,6,22,22,3,3,HP1502401_B20
16,15,2,2,20,20,HP1502401_B21
18,17,2,2,22,22,HP1502401_B22
16,15,2,2,20,20,HP1502401_B23
16,15,2,2,20,20,HP1502401_B24
7,6,16,16,3,3,HP1502401_B5
16,15,2,2,20,20,HP1502401_B7
13,12,10,10,6,6,HP1502401_B8
12,11,8,8,18,18,HP1502401_C1
16,15,2,2,20,20,HP1502401_C10
2,2,1,1,26,25,HP1502401_C12
7,6,5,5,3,3,HP1502401_C14
7,6,16,16,3,3,HP1502401_C16
16,15,2,2,20,20,HP1502401_C18
18,17,5,5,22,22,HP1502401_C2
13,12,10,10,6,6,HP1502401_C20
16,15,2,2,20,20,HP1502401_C21
18,17,5,5,22,22,HP1502401_C22
7,6,23,23,3,3,HP1502401_C4
13,12,10,10,6,6,HP1502401_C5
16,15,2,2,20,20,HP1502401_C6
16,15,2,2,20,20,HP1502401_C7
13,12,10,10,6,6,HP1502401_C8
12,11,8,8,18,18,HP1502401_D10
13,12,10,10,6,6,HP1502401_D12
16,15,2,2,20,20,HP1502401_D13
7,6,23,23,3,3,HP1502401_D16
13,12,10,10,6,6,HP1502401_D17
2,2,1,1,11,11,HP1502401_D18
12,11,8,8,18,18,HP1502401_D2
7,6,5,5,3,3,HP1502401_D20
16,15,2,2,20,20,HP1502401_D22
18,17,5,5,22,22,HP1502401_D23
7,6,14,14,3,3,HP1502401_D24
16,15,2,2,20,20,HP1502401_D3
2,2,1,1,7,7,HP1502401_D4
7,6,5,5,3,3,HP1502401_D5
16,15,2,2,20,20,HP1502401_D6
16,15,2,2,20,20,HP1502401_D7
18,17,18,18,3,3,HP1502401_D8
16,15,2,2,20,20,HP1502401_E10
7,6,5,5,3,3,HP1502401_E11
7,6,3,3,24,24,HP1502401_E14
7,6,23,23,3,3,HP1502401_E16
16,15,2,2,20,20,HP1502401_E17
18,17,5,5,22,22,HP1502401_E18
16,15,2,2,20,20,HP1502401_E19
12,11,8,8,18,18,HP1502401_E2
12,11,8,8,18,18,HP1502401_E20
7,6,5,5,3,3,HP1502401_E21
16,15,2,2,20,20,HP1502401_E22
12,11,8,8,18,18,HP1502401_E23
12,11,8,8,18,18,HP1502401_E24
13,12,10,10,6,6,HP1502401_E3
9,8,6,6,13,13,HP1502401_E5
7,6,14,14,3,3,HP1502401_E6
9,8,6,6,13,13,HP1502401_E7
13,12,10,10,6,6,HP1502401_E9
7,6,5,5,3,3,HP1502401_F10
13,12,10,10,6,6,HP1502401_F11
7,6,5,5,3,3,HP1502401_F12
12,11,8,8,18,18,HP1502401_F13
9,8,3,3,13,13,HP1502401_F15
16,15,2,2,20,20,HP1502401_F16
9,8,6,6,13,13,HP1502401_F17
9,8,6,6,13,13,HP1502401_F18
7,6,5,5,3,3,HP1502401_F19
7,6,5,5,3,3,HP1502401_F20
16,15,2,2,20,20,HP1502401_F21
16,15,2,2,23,23,HP1502401_F22
7,6,14,14,3,3,HP1502401_F23
16,15,2,2,20,20,HP1502401_F24
7,6,5,5,3,3,HP1502401_F4
16,15,2,2,20,20,HP1502401_F9
7,6,17,17,27,26,HP1502401_G10
9,8,6,6,13,13,HP1502401_G11
9,8,6,6,24,24,HP1502401_G12
16,15,2,2,20,20,HP1502401_G14
12,11,8,8,18,18,HP1502401_G18
13,12,10,10,6,6,HP1502401_G20
18,17,5,5,22,22,HP1502401_G21
16,15,2,2,20,20,HP1502401_G22
2,2,1,1,11,11,HP1502401_G23
16,15,2,2,20,20,HP1502401_G24
13,12,10,10,6,6,HP1502401_G3
16,15,2,2,20,20,HP1502401_G4
16,15,2,2,20,20,HP1502401_G5
16,15,2,2,20,20,HP1502401_G6
7,6,23,23,3,3,HP1502401_G7
7,6,5,5,3,3,HP1502401_G8
7,6,16,16,3,3,HP1502401_H1
16,15,2,2,20,20,HP1502401_H11
16,15,2,2,20,20,HP1502401_H12
9,8,3,3,13,13,HP1502401_H13
7,6,5,5,3,3,HP1502401_H14
7,6,5,5,3,3,HP1502401_H15
7,6,5,5,3,3,HP1502401_H16
17,16,15,15,16,16,HP1502401_H18
16,15,2,2,20,20,HP1502401_H19
7,6,22,22,3,3,HP1502401_H2
7,6,23,23,3,3,HP1502401_H20
2,2,21,21,11,11,HP1502401_H21
16,15,2,2,20,20,HP1502401_H22
2,2,1,1,11,11,HP1502401_H23
7,6,23,23,3,3,HP1502401_H24
7,6,5,5,3,3,HP1502401_H3
7,6,5,5,3,3,HP1502401_H4
7,6,23,23,3,3,HP1502401_H5
13,12,10,10,6,6,HP1502401_H6
7,6,5,5,3,3,HP1502401_H7
7,6,7,7,3,3,HP1502401_H8
7,6,5,5,3,3,HP1502401_I1
18,17,4,4,16,16,HP1502401_I12
12,11,8,8,18,18,HP1502401_I14
7,6,5,5,3,3,HP1502401_I15
7,6,23,23,3,3,HP1502401_I16
7,6,5,5,3,3,HP1502401_I18
7,6,5,5,22,22,HP1502401_I19
2,2,1,1,11,11,HP1502401_I2
4,3,1,1,7,7,HP1502401_I21
7,6,23,23,3,3,HP1502401_I22
7,6,23,23,3,3,HP1502401_I23
16,15,2,2,20,20,HP1502401_I24
7,6,23,23,2,2,HP1502401_I4
16,15,13,13,20,20,HP1502401_I6
13,12,10,10,6,6,HP1502401_I7
9,8,3,3,13,13,HP1502401_I8
13,12,10,10,6,6,HP1502401_I9
7,6,5,5,3,3,HP1502401_J1
16,15,2,2,20,20,HP1502401_J10
7,6,5,5,3,3,HP1502401_J11
16,15,2,2,20,20,HP1502401_J12
7,6,5,5,3,3,HP1502401_J14
2,2,1,1,11,11,HP1502401_J15
18,17,5,5,22,22,HP1502401_J16
2,2,1,1,7,7,HP1502401_J17
7,6,5,5,3,3,HP1502401_J18
2,2,1,1,11,11,HP1502401_J19
12,11,8,8,18,18,HP1502401_J2
7,6,5,5,3,3,HP1502401_J20
7,6,23,23,3,3,HP1502401_J21
16,15,2,2,20,20,HP1502401_J22
7,6,17,17,3,3,HP1502401_J23
2,2,1,1,11,11,HP1502401_J24
7,6,5,5,3,3,HP1502401_J4
7,6,7,7,3,3,HP1502401_J6
18,17,4,4,22,22,HP1502401_J7
7,6,5,5,3,3,HP1502401_J8
7,6,5,5,3,3,HP1502401_K1
12,11,8,8,18,18,HP1502401_K10
7,6,22,22,3,3,HP1502401_K11
12,11,8,8,18,18,HP1502401_K12
9,8,6,6,13,13,HP1502401_K14
7,6,17,17,3,3,HP1502401_K15
7,6,5,5,3,3,HP1502401_K16
18,17,23,23,22,22,HP1502401_K17
18,17,5,5,22,22,HP1502401_K18
16,15,2,2,22,22,HP1502401_K19
7,6,5,5,3,3,HP1502401_K2
7,6,5,5,3,3,HP1502401_K20
7,6,16,16,9,9,HP1502401_K21
7,6,23,23,3,3,HP1502401_K22
9,8,7,7,24,24,HP1502401_K23
9,8,6,6,13,13,HP1502401_K24
7,6,5,5,3,3,HP1502401_K3
18,17,5,5,22,22,HP1502401_K4
7,6,5,5,3,3,HP1502401_K5
7,6,5,5,3,3,HP1502401_K6
18,17,5,5,22,22,HP1502401_K7
7,6,5,5,3,3,HP1502401_K9
7,6,5,5,3,3,HP1502401_L1
16,15,2,2,20,20,HP1502401_L10
7,6,5,5,3,3,HP1502401_L11
7,6,7,7,3,3,HP1502401_L12
7,6,23,23,3,3,HP1502401_L13
9,8,6,6,13,13,HP1502401_L14
7,6,5,5,3,3,HP1502401_L15
7,6,5,5,3,3,HP1502401_L16
7,6,5,5,10,10,HP1502401_L17
2,2,1,1,26,25,HP1502401_L18
7,6,5,5,3,3,HP1502401_L2
7,6,16,16,3,3,HP1502401_L20
7,6,5,5,12,12,HP1502401_L21
7,6,5,5,3,3,HP1502401_L22
7,6,5,5,3,3,HP1502401_L23
7,6,23,23,3,3,HP1502401_L3
7,6,5,5,3,3,HP1502401_L4
2,2,1,1,7,7,HP1502401_L5
7,6,7,7,3,3,HP1502401_L7
7,6,22,22,3,3,HP1502401_L9
7,6,22,22,3,3,HP1502401_M1
7,6,5,5,3,3,HP1502401_M10
7,6,5,5,3,3,HP1502401_M11
16,15,2,2,19,19,HP1502401_M12
7,6,5,5,3,3,HP1502401_M14
7,6,5,5,3,3,HP1502401_M15
2,2,1,1,26,25,HP1502401_M16
18,17,4,4,22,22,HP1502401_M17
7,6,5,5,3,3,HP1502401_M19
16,15,2,2,20,20,HP1502401_M2
16,15,2,2,20,20,HP1502401_M20
7,6,7,7,3,3,HP1502401_M21
12,11,8,8,18,18,HP1502401_M22
7,6,5,5,3,3,HP1502401_M23
7,6,5,5,3,3,HP1502401_M24
7,6,5,5,3,3,HP1502401_M3
7,6,23,23,3,3,HP1502401_M4
7,6,5,5,3,3,HP1502401_M5
13,12,10,10,6,6,HP1502401_M6
7,6,17,17,3,3,HP1502401_M7
12,11,8,8,18,18,HP1502401_M8
16,15,2,2,19,19,HP1502401_N1
2,2,1,1,7,7,HP1502401_N10
9,8,3,3,13,13,HP1502401_N11
7,6,5,5,3,3,HP1502401_N12
7,6,17,17,3,3,HP1502401_N15
2,2,1,1,7,7,HP1502401_N16
7,6,5,5,10,10,HP1502401_N17
2,2,1,1,26,25,HP1502401_N18
12,11,8,8,18,18,HP1502401_N2
7,6,17,17,27,26,HP1502401_N20
16,15,2,2,20,20,HP1502401_N21
9,8,6,6,24,24,HP1502401_N23
7,6,23,23,3,3,HP1502401_N3
7,6,5,5,3,3,HP1502401_N4
13,12,10,10,6,6,HP1502401_N7
16,15,2,2,20,20,HP1502401_N8
9,8,6,6,24,24,HP1502401_N9
7,6,23,23,3,3,HP1502401_O1
2,2,1,1,7,7,HP1502401_O10
12,11,8,8,18,18,HP1502401_O14
16,15,2,2,20,20,HP1502401_O16
7,6,7,7,3,3,HP1502401_O17
13,12,10,10,6,6,HP1502401_O18
7,6,5,5,3,3,HP1502401_O2
7,6,5,5,3,3,HP1502401_O20
7,6,5,5,3,3,HP1502401_O21
7,6,5,5,3,3,HP1502401_O22
7,6,23,23,3,3,HP1502401_O23
7,6,17,17,27,26,HP1502401_O24
7,6,5,5,3,3,HP1502401_O3
7,6,17,17,3,3,HP1502401_O4
13,12,10,10,6,6,HP1502401_O6
16,15,13,13,20,20,HP1502401_O7
7,6,5,5,3,3,HP1502401_O8
18,17,4,4,22,22,HP1502401_O9
12,11,8,8,18,18,HP1504101T2D_A10
6,5,7,7,2,2,HP1504101T2D_A12
9,8,6,6,13,13,HP1504101T2D_A13
9,8,6,6,13,13,HP1504101T2D_A15
9,8,6,6,13,13,HP1504101T2D_A17
9,8,6,6,13,13,HP1504101T2D_A18
6,5,23,23,2,2,HP1504101T2D_A19
9,8,6,6,13,13,HP1504101T2D_A20
6,5,17,17,2,2,HP1504101T2D_A23
13,12,10,10,6,6,HP1504101T2D_A24
9,8,6,6,13,13,HP1504101T2D_A4
6,5,7,7,2,2,HP1504101T2D_A5
6,5,17,17,2,2,HP1504101T2D_A6
6,5,23,23,2,2,HP1504101T2D_A8
9,8,6,6,13,13,HP1504101T2D_B10
6,5,7,7,2,2,HP1504101T2D_B11
9,8,6,6,13,13,HP1504101T2D_B12
6,5,23,23,2,2,HP1504101T2D_B13
6,5,7,7,2,2,HP1504101T2D_B16
9,8,3,3,13,13,HP1504101T2D_B17
9,8,6,6,13,13,HP1504101T2D_B18
6,5,17,17,2,2,HP1504101T2D_B21
9,8,6,6,13,13,HP1504101T2D_B22
9,8,3,3,13,13,HP1504101T2D_B24
18,17,2,2,20,20,HP1504101T2D_B3
9,8,6,6,13,13,HP1504101T2D_B4
9,8,6,6,13,13,HP1504101T2D_B5
15,14,13,13,14,14,HP1504101T2D_B6
6,5,22,22,2,2,HP1504101T2D_B7
2,2,18,18,7,7,HP1504101T2D_B8
18,17,4,4,16,16,HP1504101T2D_C1
13,12,10,10,6,6,HP1504101T2D_C10
12,11,8,8,4,4,HP1504101T2D_C11
9,8,3,3,15,15,HP1504101T2D_C12
6,5,22,22,2,2,HP1504101T2D_C14
6,5,17,17,2,2,HP1504101T2D_C15
6,5,9,9,21,21,HP1504101T2D_C16
6,5,22,22,2,2,HP1504101T2D_C17
15,14,13,13,14,14,HP1504101T2D_C18
6,5,5,5,2,2,HP1504101T2D_C20
9,8,6,6,13,13,HP1504101T2D_C21
6,5,23,23,2,2,HP1504101T2D_C22
6,5,7,7,2,2,HP1504101T2D_C4
13,12,10,10,6,6,HP1504101T2D_C9
6,5,22,22,5,5,HP1504101T2D_D1
9,8,6,6,13,13,HP1504101T2D_D11
6,5,3,3,2,2,HP1504101T2D_D12
6,5,5,5,2,2,HP1504101T2D_D13
9,8,6,6,13,13,HP1504101T2D_D15
9,8,6,6,13,13,HP1504101T2D_D17
9,8,6,6,13,13,HP1504101T2D_D18
6,5,17,17,2,2,HP1504101T2D_D19
6,5,7,7,2,2,HP1504101T2D_D2
9,8,3,3,13,13,HP1504101T2D_D21
9,8,3,3,13,13,HP1504101T2D_D23
9,8,6,6,13,13,HP1504101T2D_D24
6,5,23,23,2,2,HP1504101T2D_D5
6,5,17,17,2,2,HP1504101T2D_D6
6,5,5,5,2,2,HP1504101T2D_D7
13,12,10,10,6,6,HP1504101T2D_D8
15,14,13,13,14,14,HP1504101T2D_D9
6,5,22,22,2,2,HP1504101T2D_E1
6,5,18,18,3,3,HP1504101T2D_E10
9,8,3,3,13,13,HP1504101T2D_E11
9,8,6,6,13,13,HP1504101T2D_E14
15,14,13,13,20,20,HP1504101T2D_E15
15,14,2,2,20,20,HP1504101T2D_E16
9,8,6,6,13,13,HP1504101T2D_E18
18,17,18,18,3,3,HP1504101T2D_E19
9,8,6,6,13,13,HP1504101T2D_E20
6,5,10,10,2,2,HP1504101T2D_E21
6,5,5,5,2,2,HP1504101T2D_E22
6,5,22,22,2,2,HP1504101T2D_E23
15,14,13,13,14,14,HP1504101T2D_E24
6,5,23,23,10,10,HP1504101T2D_E3
9,8,3,3,13,13,HP1504101T2D_E4
6,5,22,22,3,3,HP1504101T2D_E6
9,8,3,3,13,13,HP1504101T2D_E7
9,8,6,6,13,13,HP1504101T2D_E8
9,8,3,3,13,13,HP1504101T2D_E9
12,11,8,8,18,18,HP1504101T2D_F1
6,5,7,7,2,2,HP1504101T2D_F10
9,8,6,6,13,13,HP1504101T2D_F11
6,5,23,23,2,2,HP1504101T2D_F12
9,8,6,6,13,13,HP1504101T2D_F13
9,8,6,6,13,13,HP1504101T2D_F14
6,5,5,5,2,2,HP1504101T2D_F15
9,8,6,6,13,13,HP1504101T2D_F16
13,12,10,10,6,6,HP1504101T2D_F17
17,16,15,15,16,16,HP1504101T2D_F18
6,5,7,7,2,2,HP1504101T2D_F19
9,8,3,3,15,15,HP1504101T2D_F2
9,8,6,6,13,13,HP1504101T2D_F20
6,5,7,7,2,2,HP1504101T2D_F22
6,5,17,17,2,2,HP1504101T2D_F3
6,5,22,22,2,2,HP1504101T2D_F7
6,5,22,22,2,2,HP1504101T2D_G1
6,5,17,17,2,2,HP1504101T2D_G10
6,5,17,17,2,2,HP1504101T2D_G12
6,5,22,22,2,2,HP1504101T2D_G14
9,8,6,6,13,13,HP1504101T2D_G16
6,5,23,23,2,2,HP1504101T2D_G17
6,5,16,16,2,2,HP1504101T2D_G19
6,5,17,17,2,2,HP1504101T2D_G2
9,8,3,3,13,13,HP1504101T2D_G21
6,5,17,17,2,2,HP1504101T2D_G22
6,5,5,5,2,2,HP1504101T2D_G23
6,5,22,22,2,2,HP1504101T2D_G24
9,8,6,6,13,13,HP1504101T2D_G3
9,8,6,6,13,13,HP1504101T2D_G4
9,8,6,6,13,13,HP1504101T2D_G8
9,8,6,6,13,13,HP1504101T2D_G9
9,8,6,6,13,13,HP1504101T2D_H1
9,8,3,3,13,13,HP1504101T2D_H14
6,5,22,22,2,2,HP1504101T2D_H15
6,5,18,18,2,2,HP1504101T2D_H17
2,2,18,18,7,7,HP1504101T2D_H18
6,5,5,5,2,2,HP1504101T2D_H2
6,5,7,7,2,2,HP1504101T2D_H20
6,5,16,16,2,2,HP1504101T2D_H21
6,5,23,23,2,2,HP1504101T2D_H22
15,14,13,13,14,14,HP1504101T2D_H23
9,8,6,6,13,13,HP1504101T2D_H24
6,5,7,7,2,2,HP1504101T2D_H4
13,12,10,10,6,6,HP1504101T2D_H5
6,5,13,13,14,14,HP1504101T2D_H6
5,4,15,15,16,16,HP1504101T2D_H7
6,5,22,22,2,2,HP1504101T2D_H9
5,4,18,18,3,3,HP1504101T2D_I1
9,8,6,6,13,13,HP1504101T2D_I10
6,5,7,7,2,2,HP1504101T2D_I14
9,8,6,6,13,13,HP1504101T2D_I15
9,8,6,6,13,13,HP1504101T2D_I16
6,5,16,16,2,2,HP1504101T2D_I17
6,5,7,7,2,2,HP1504101T2D_I18
18,17,17,17,3,3,HP1504101T2D_I2
6,5,23,23,2,2,HP1504101T2D_I20
6,5,7,7,2,2,HP1504101T2D_I22
6,5,22,22,2,2,HP1504101T2D_I23
6,5,5,5,2,2,HP1504101T2D_I24
6,5,17,17,2,2,HP1504101T2D_I5
12,11,8,8,4,4,HP1504101T2D_I6
9,8,3,3,13,13,HP1504101T2D_I7
6,5,23,23,2,2,HP1504101T2D_I8
6,5,7,7,2,2,HP1504101T2D_J1
6,5,17,17,2,2,HP1504101T2D_J11
6,5,7,7,2,2,HP1504101T2D_J13
13,12,10,10,6,6,HP1504101T2D_J14
6,5,23,23,2,2,HP1504101T2D_J15
12,11,8,8,18,18,HP1504101T2D_J16
6,5,17,17,5,5,HP1504101T2D_J18
6,5,3,3,2,2,HP1504101T2D_J2
6,5,17,17,2,2,HP1504101T2D_J20
9,8,6,6,13,13,HP1504101T2D_J22
6,5,17,17,2,2,HP1504101T2D_J24
9,8,6,6,13,13,HP1504101T2D_J3
9,8,3,3,13,13,HP1504101T2D_J5
6,5,7,7,2,2,HP1504101T2D_J7
9,8,6,6,13,13,HP1504101T2D_J9
12,11,8,8,18,18,HP1504101T2D_K10
6,5,16,16,2,2,HP1504101T2D_K12
6,5,16,16,2,2,HP1504101T2D_K17
6,5,22,22,2,2,HP1504101T2D_K18
12,11,8,8,4,4,HP1504101T2D_K19
9,8,3,3,13,13,HP1504101T2D_K2
6,5,22,22,2,2,HP1504101T2D_K20
6,5,17,17,2,2,HP1504101T2D_K22
6,5,14,14,2,2,HP1504101T2D_K23
6,5,7,7,2,2,HP1504101T2D_K24
6,5,17,17,2,2,HP1504101T2D_K4
9,8,6,6,13,13,HP1504101T2D_K8
9,8,6,6,13,13,HP1504101T2D_L1
6,5,7,7,2,2,HP1504101T2D_L10
13,12,10,10,6,6,HP1504101T2D_L11
9,8,6,6,13,13,HP1504101T2D_L13
12,11,8,8,18,18,HP1504101T2D_L14
9,8,6,6,13,13,HP1504101T2D_L15
6,5,7,7,2,2,HP1504101T2D_L18
6,5,7,7,2,2,HP1504101T2D_L19
6,5,7,7,2,2,HP1504101T2D_L2
6,5,17,17,12,12,HP1504101T2D_L21
6,5,7,7,2,2,HP1504101T2D_L23
9,8,6,6,13,13,HP1504101T2D_L24
6,5,7,7,2,2,HP1504101T2D_L3
6,5,7,7,2,2,HP1504101T2D_L4
6,5,7,7,2,2,HP1504101T2D_L5
6,5,5,5,2,2,HP1504101T2D_L7
6,5,7,7,2,2,HP1504101T2D_L8
9,8,3,3,13,13,HP1504101T2D_M1
6,5,22,22,2,2,HP1504101T2D_M10
6,5,23,23,2,2,HP1504101T2D_M15
6,5,17,17,2,2,HP1504101T2D_M18
6,5,17,17,2,2,HP1504101T2D_M19
6,5,7,7,2,2,HP1504101T2D_M2
6,5,7,7,2,2,HP1504101T2D_M21
6,5,16,16,2,2,HP1504101T2D_M23
6,5,7,7,2,2,HP1504101T2D_M24
9,8,6,6,13,13,HP1504101T2D_M3
6,5,22,22,2,2,HP1504101T2D_M4
6,5,17,17,2,2,HP1504101T2D_M5
6,5,7,7,2,2,HP1504101T2D_M6
6,5,17,17,2,2,HP1504101T2D_M7
5,4,17,17,3,3,HP1504101T2D_M8
6,5,16,16,2,2,HP1504101T2D_M9
6,5,22,22,2,2,HP1504101T2D_N1
15,14,2,2,20,20,HP1504101T2D_N10
6,5,7,7,2,2,HP1504101T2D_N12
6,5,23,23,2,2,HP1504101T2D_N13
6,5,22,22,2,2,HP1504101T2D_N15
9,8,6,6,13,13,HP1504101T2D_N16
6,5,7,7,2,2,HP1504101T2D_N17
6,5,22,22,2,2,HP1504101T2D_N19
6,5,22,22,2,2,HP1504101T2D_N2
9,8,6,6,13,13,HP1504101T2D_N20
13,12,10,10,6,6,HP1504101T2D_N21
6,5,17,17,2,2,HP1504101T2D_N22
6,5,23,23,2,2,HP1504101T2D_N24
6,5,7,7,2,2,HP1504101T2D_N5
6,5,7,7,2,2,HP1504101T2D_N6
6,5,14,14,2,2,HP1504101T2D_N7
6,5,17,17,2,2,HP1504101T2D_N8
6,5,7,7,2,2,HP1504101T2D_N9
6,5,7,7,2,2,HP1504101T2D_O10
9,8,3,3,13,13,HP1504101T2D_O11
15,14,13,13,14,14,HP1504101T2D_O12
6,5,17,17,2,2,HP1504101T2D_O13
6,5,22,22,2,2,HP1504101T2D_O14
6,5,7,7,2,2,HP1504101T2D_O16
6,5,7,7,2,2,HP1504101T2D_O20
6,5,5,5,2,2,HP1504101T2D_O22
9,8,6,6,13,13,HP1504101T2D_O23
2,2,1,1,7,7,HP1504101T2D_O24
6,5,23,23,2,2,HP1504101T2D_O3
9,8,6,6,13,13,HP1504101T2D_O4
6,5,16,16,2,2,HP1504101T2D_O6
6,5,22,22,2,2,HP1504101T2D_O9
18,17,2,2,22,22,HP1504101T2D_P1
6,5,5,5,2,2,HP1504101T2D_P11
9,8,6,6,13,13,HP1504101T2D_P12
6,5,5,5,2,2,HP1504101T2D_P14
6,5,5,5,2,2,HP1504101T2D_P17
6,5,17,17,2,2,HP1504101T2D_P18
6,5,22,22,2,2,HP1504101T2D_P2
6,5,5,5,2,2,HP1504101T2D_P21
6,5,16,16,2,2,HP1504101T2D_P22
9,8,6,6,13,13,HP1504101T2D_P24
17,16,15,15,16,16,HP1504101T2D_P3
13,12,10,10,6,6,HP1504101T2D_P5
6,5,16,16,2,2,HP1504101T2D_P7
9,8,3,3,13,13,HP1504101T2D_P9
13,12,10,10,6,6,HP1504901_A10
8,7,7,7,10,10,HP1504901_A14
16,15,2,2,23,23,HP1504901_A16
8,7,17,17,10,10,HP1504901_A19
8,7,22,22,10,10,HP1504901_A2
13,12,10,10,6,6,HP1504901_A21
17,16,15,15,16,16,HP1504901_A22
18,17,4,4,16,16,HP1504901_A23
16,15,2,2,23,23,HP1504901_A3
9,8,3,3,24,24,HP1504901_A5
8,7,23,23,10,10,HP1504901_A9
8,7,7,7,10,10,HP1504901_B1
16,15,2,2,23,23,HP1504901_B10
16,15,2,2,23,23,HP1504901_B11
16,15,2,2,23,23,HP1504901_B13
2,2,1,1,26,25,HP1504901_B14
8,7,22,22,10,10,HP1504901_B15
8,7,23,23,10,10,HP1504901_B16
8,7,5,5,10,10,HP1504901_B18
9,8,6,6,24,24,HP1504901_B20
8,7,16,16,10,10,HP1504901_B21
16,15,2,2,23,23,HP1504901_B22
10,9,6,6,24,24,HP1504901_B23
17,16,15,15,16,16,HP1504901_B24
8,7,23,23,10,10,HP1504901_B3
13,12,10,10,6,6,HP1504901_B4
9,8,6,6,24,24,HP1504901_B6
16,15,9,9,23,23,HP1504901_B7
9,8,6,6,24,24,HP1504901_B8
13,12,10,10,6,6,HP1504901_B9
13,12,10,10,6,6,HP1504901_C10
8,7,23,23,10,10,HP1504901_C11
8,7,3,3,24,24,HP1504901_C13
9,8,3,3,24,24,HP1504901_C14
8,7,17,17,10,10,HP1504901_C16
16,15,2,2,23,23,HP1504901_C17
17,16,15,15,16,16,HP1504901_C2
18,17,5,5,22,22,HP1504901_C22
10,9,3,3,24,24,HP1504901_C23
8,7,6,6,24,24,HP1504901_D1
8,7,22,22,10,10,HP1504901_D12
12,11,8,8,26,25,HP1504901_D13
8,7,22,22,10,10,HP1504901_D14
8,7,22,22,10,10,HP1504901_D15
8,7,23,23,10,10,HP1504901_D16
8,7,23,23,10,10,HP1504901_D17
8,7,3,3,24,24,HP1504901_D18
8,7,22,22,10,10,HP1504901_D2
8,7,22,22,10,10,HP1504901_D21
8,7,5,5,10,10,HP1504901_D22
8,7,7,7,10,10,HP1504901_D23
10,9,3,3,24,24,HP1504901_D24
8,7,7,7,10,10,HP1504901_D5
13,12,10,10,6,6,HP1504901_D6
16,15,2,2,23,23,HP1504901_D7
10,9,6,6,24,24,HP1504901_D9
16,15,9,9,23,23,HP1504901_E10
18,17,23,23,22,22,HP1504901_E12
8,7,17,17,10,10,HP1504901_E14
16,15,2,2,23,23,HP1504901_E16
8,7,7,7,10,10,HP1504901_E18
18,17,4,4,16,16,HP1504901_E2
16,15,2,2,23,23,HP1504901_E21
9,8,6,6,24,24,HP1504901_E23
8,7,22,22,10,10,HP1504901_E24
2,2,1,1,26,25,HP1504901_E6
17,16,15,15,16,16,HP1504901_E9
9,8,6,6,24,24,HP1504901_F1
8,7,5,5,10,10,HP1504901_F10
16,15,2,2,23,23,HP1504901_F11
18,17,7,7,10,10,HP1504901_F12
16,15,2,2,23,23,HP1504901_F13
8,7,3,3,24,24,HP1504901_F14
10,9,6,6,24,24,HP1504901_F15
18,17,4,4,16,16,HP1504901_F16
16,15,2,2,20,20,HP1504901_F17
9,8,3,3,13,13,HP1504901_F18
8,7,5,5,10,10,HP1504901_F19
13,12,10,10,6,6,HP1504901_F2
8,7,22,22,10,10,HP1504901_F20
11,10,11,11,4,4,HP1504901_F23
8,7,23,23,10,10,HP1504901_F24
8,7,7,7,10,10,HP1504901_F3
8,7,14,14,10,10,HP1504901_F4
8,7,7,7,10,10,HP1504901_F5
2,2,1,1,26,25,HP1504901_F8
8,7,5,5,10,10,HP1504901_F9
18,17,4,4,16,16,HP1504901_G10
2,2,1,1,26,25,HP1504901_G11
16,15,2,2,23,23,HP1504901_G12
8,7,5,5,10,10,HP1504901_G13
8,7,7,7,10,10,HP1504901_G15
16,15,9,9,23,23,HP1504901_G16
16,15,2,2,23,23,HP1504901_G18
8,7,5,5,10,10,HP1504901_G19
8,7,22,22,10,10,HP1504901_G2
10,9,6,6,24,24,HP1504901_G20
16,15,2,2,23,23,HP1504901_G21
18,17,23,23,22,22,HP1504901_G24
8,7,23,23,10,10,HP1504901_G3
16,15,13,13,23,23,HP1504901_G4
8,7,5,5,10,10,HP1504901_G6
16,15,2,2,23,23,HP1504901_G8
8,7,17,17,10,10,HP1504901_G9
8,7,22,22,10,10,HP1504901_H1
8,7,5,5,10,10,HP1504901_H10
8,7,7,7,10,10,HP1504901_H11
8,7,17,17,10,10,HP1504901_H12
10,9,6,6,24,24,HP1504901_H14
12,11,8,8,26,25,HP1504901_H16
16,15,2,2,23,23,HP1504901_H17
16,15,2,2,23,23,HP1504901_H18
9,8,6,6,24,24,HP1504901_H19
18,17,5,5,23,23,HP1504901_H2
16,15,2,2,23,23,HP1504901_H22
8,7,23,23,10,10,HP1504901_H4
16,15,2,2,23,23,HP1504901_H5
8,7,5,5,10,10,HP1504901_H6
2,2,1,1,26,25,HP1504901_I10
18,17,7,7,22,22,HP1504901_I12
18,17,4,4,16,16,HP1504901_I13
18,17,4,4,16,16,HP1504901_I17
9,8,3,3,24,24,HP1504901_I18
17,16,15,15,16,16,HP1504901_I19
8,7,22,22,10,10,HP1504901_I2
8,7,5,5,10,10,HP1504901_I21
9,8,3,3,24,24,HP1504901_I22
8,7,9,9,10,10,HP1504901_I23
8,7,7,7,10,10,HP1504901_I24
8,7,7,7,10,10,HP1504901_I3
13,12,10,10,6,6,HP1504901_I7
8,7,22,22,10,10,HP1504901_I8
18,17,7,7,10,10,HP1504901_J12
16,15,9,9,23,23,HP1504901_J15
8,7,22,22,10,10,HP1504901_J17
17,16,15,15,16,16,HP1504901_J18
8,7,22,22,10,10,HP1504901_J20
8,7,17,17,10,10,HP1504901_J22
8,7,22,22,10,10,HP1504901_J23
17,16,15,15,16,16,HP1504901_J24
16,15,2,2,23,23,HP1504901_J3
13,12,10,10,6,6,HP1504901_J4
2,2,1,1,26,25,HP1504901_J5
8,7,7,7,10,10,HP1504901_J6
16,15,2,2,23,23,HP1504901_J7
8,7,22,22,10,10,HP1504901_J8
9,8,6,6,24,24,HP1504901_J9
8,7,22,22,10,10,HP1504901_K1
8,7,22,22,10,10,HP1504901_K12
10,9,3,3,24,24,HP1504901_K14
16,15,2,2,23,23,HP1504901_K19
13,12,10,10,6,6,HP1504901_K20
16,15,2,2,23,23,HP1504901_K22
2,2,19,19,26,25,HP1504901_K23
8,7,7,7,10,10,HP1504901_K5
8,7,7,7,10,10,HP1504901_K6
8,7,17,17,10,10,HP1504901_L1
8,7,5,5,10,10,HP1504901_L13
8,7,23,23,10,10,HP1504901_L14
2,2,1,1,26,25,HP1504901_L16
16,15,2,2,23,23,HP1504901_L17
9,8,6,6,24,24,HP1504901_L18
16,15,2,2,23,23,HP1504901_L20
8,7,23,23,22,22,HP1504901_L21
16,15,2,2,23,23,HP1504901_L22
18,17,5,5,22,22,HP1504901_L24
9,8,6,6,24,24,HP1504901_L3
16,15,2,2,23,23,HP1504901_L8
10,9,6,6,24,24,HP1504901_L9
17,16,15,15,16,16,HP1504901_M11
18,17,22,22,10,10,HP1504901_M12
8,7,7,7,10,10,HP1504901_M18
17,16,15,15,16,16,HP1504901_M19
18,17,5,5,22,22,HP1504901_M20
13,12,10,10,6,6,HP1504901_M21
8,7,22,22,10,10,HP1504901_M24
8,7,22,22,10,10,HP1504901_M3
9,8,6,6,24,24,HP1504901_M4
8,7,23,23,10,10,HP1504901_N1
8,7,5,5,10,10,HP1504901_N12
16,15,2,2,23,23,HP1504901_N13
9,8,6,6,24,24,HP1504901_N15
8,7,22,22,10,10,HP1504901_N16
8,7,22,22,9,9,HP1504901_N17
2,2,1,1,11,11,HP1504901_N18
8,7,22,22,10,10,HP1504901_N19
8,7,7,7,10,10,HP1504901_N2
17,16,15,15,16,16,HP1504901_N21
8,7,22,22,10,10,HP1504901_N22
9,8,6,6,24,24,HP1504901_N23
13,12,10,10,6,6,HP1504901_N24
8,7,23,23,10,10,HP1504901_N7
16,15,2,2,23,23,HP1504901_N8
9,8,6,6,24,24,HP1504901_N9
10,9,6,6,24,24,HP1504901_O1
8,7,5,5,10,10,HP1504901_O10
2,2,1,1,26,25,HP1504901_O11
2,2,1,1,26,25,HP1504901_O14
8,7,23,23,10,10,HP1504901_O16
8,7,5,5,10,10,HP1504901_O17
16,15,5,5,23,23,HP1504901_O18
16,15,2,2,23,23,HP1504901_O20
9,8,6,6,24,24,HP1504901_O21
9,8,6,6,24,24,HP1504901_O24
12,11,8,8,26,25,HP1504901_O4
10,9,6,6,24,24,HP1504901_O5
8,7,22,22,10,10,HP1504901_O6
8,7,23,23,10,10,HP1504901_O7
16,15,2,2,23,23,HP1504901_O8
8,7,22,22,10,10,HP1504901_O9
8,7,22,22,10,10,HP1504901_P10
2,2,1,1,26,25,HP1504901_P11
16,15,2,2,23,23,HP1504901_P14
18,17,5,5,6,6,HP1504901_P15
18,17,4,4,16,16,HP1504901_P18
8,7,22,22,10,10,HP1504901_P20
8,7,10,10,6,6,HP1504901_P21
18,17,4,4,16,16,HP1504901_P3
2,2,1,1,26,25,HP1504901_P7
17,16,4,4,16,16,HP1504901_P9
4,3,19,19,17,17,HP1506401_A12
18,17,5,5,22,22,HP1506401_A14
21,19,9,9,21,21,HP1506401_A15
21,19,9,9,21,21,HP1506401_A17
4,3,19,19,17,17,HP1506401_A18
4,3,19,19,17,17,HP1506401_A20
20,18,20,20,25,1,HP1506401_A21
21,19,9,9,21,21,HP1506401_A24
4,3,18,18,8,8,HP1506401_A4
20,18,20,20,25,1,HP1506401_A5
11,10,11,11,4,4,HP1506401_A6
11,10,11,11,4,4,HP1506401_A7
12,11,12,12,4,4,HP1506401_A9
11,10,11,11,4,4,HP1506401_B1
21,19,9,9,21,21,HP1506401_B11
11,10,11,11,4,4,HP1506401_B14
17,16,15,15,16,16,HP1506401_B15
11,10,11,11,4,4,HP1506401_B16
4,3,19,19,17,17,HP1506401_B17
17,16,15,15,16,16,HP1506401_B20
10,9,3,3,15,15,HP1506401_B22
4,3,21,21,17,17,HP1506401_B23
4,3,19,19,17,17,HP1506401_B24
10,9,3,3,15,15,HP1506401_B3
10,9,3,3,15,15,HP1506401_B4
11,10,8,8,4,4,HP1506401_B5
11,10,12,12,4,4,HP1506401_B6
21,19,9,9,21,21,HP1506401_B8
11,10,11,11,4,4,HP1506401_C13
21,19,9,9,21,21,HP1506401_C15
4,3,19,19,17,17,HP1506401_C16
4,3,19,19,17,17,HP1506401_C17
18,17,5,5,22,22,HP1506401_C18
11,10,11,11,4,4,HP1506401_C23
11,10,8,8,4,4,HP1506401_C24
21,19,9,9,21,21,HP1506401_C4
20,18,20,20,25,1,HP1506401_C5
11,10,8,8,4,4,HP1506401_C7
21,19,9,9,21,21,HP1506401_C8
21,19,9,9,21,21,HP1506401_C9
4,3,19,19,17,17,HP1506401_D1
11,10,11,11,4,4,HP1506401_D12
21,19,9,9,21,21,HP1506401_D13
11,10,11,11,4,4,HP1506401_D14
4,3,21,21,17,17,HP1506401_D15
4,3,21,21,17,17,HP1506401_D17
4,3,19,19,17,17,HP1506401_D2
11,10,12,12,4,4,HP1506401_D24
11,10,11,11,4,4,HP1506401_D3
4,3,19,19,17,17,HP1506401_D7
4,3,19,19,17,17,HP1506401_D8
10,9,3,3,15,15,HP1506401_D9
20,18,20,20,25,1,HP1506401_E11
10,9,3,3,15,15,HP1506401_E12
20,18,20,20,25,1,HP1506401_E15
13,12,10,10,21,21,HP1506401_E16
4,3,21,21,17,17,HP1506401_E17
11,10,11,11,4,4,HP1506401_E18
11,10,8,8,4,4,HP1506401_E20
11,10,11,11,4,4,HP1506401_E23
11,10,11,11,4,4,HP1506401_E24
18,17,5,5,22,22,HP1506401_E4
4,3,21,21,8,8,HP1506401_E6
11,10,11,11,4,4,HP1506401_E8
4,3,19,19,17,17,HP1506401_F10
21,19,9,9,19,19,HP1506401_F11
21,19,9,9,21,21,HP1506401_F12
20,18,20,20,25,1,HP1506401_F13
11,10,8,8,4,4,HP1506401_F16
20,18,20,20,25,1,HP1506401_F17
21,19,9,9,21,21,HP1506401_F18
4,3,19,19,17,17,HP1506401_F19
12,11,12,12,4,4,HP1506401_F2
4,3,19,19,17,17,HP1506401_F21
21,19,9,9,25,1,HP1506401_F22
4,3,19,19,17,17,HP1506401_F23
21,19,9,9,21,21,HP1506401_F24
11,10,8,8,4,4,HP1506401_F3
11,10,8,8,4,4,HP1506401_F5
21,19,9,9,21,21,HP1506401_F8
21,19,9,9,21,21,HP1506401_F9
20,18,20,20,25,1,HP1506401_G1
13,12,10,10,6,6,HP1506401_G11
21,19,9,9,21,21,HP1506401_G12
20,18,20,20,25,1,HP1506401_G13
11,10,11,11,4,4,HP1506401_G14
11,10,11,11,4,4,HP1506401_G16
4,3,19,19,17,17,HP1506401_G18
4,3,19,19,17,17,HP1506401_G19
4,3,19,19,17,17,HP1506401_G2
4,3,19,19,17,17,HP1506401_G20
4,3,19,19,17,17,HP1506401_G21
4,3,19,19,17,17,HP1506401_G23
20,18,20,20,1,1,HP1506401_G24
20,18,20,20,1,1,HP1506401_G3
11,10,12,12,4,4,HP1506401_G4
20,18,20,20,25,1,HP1506401_G5
21,19,9,9,21,21,HP1506401_G6
10,9,3,3,15,15,HP1506401_G8
21,19,9,9,21,21,HP1506401_G9
11,10,8,8,4,4,HP1506401_H1
20,18,20,20,25,1,HP1506401_H13
20,18,20,20,25,1,HP1506401_H14
11,10,11,11,4,4,HP1506401_H15
11,10,11,11,4,4,HP1506401_H16
12,11,12,12,4,4,HP1506401_H18
10,9,3,3,15,15,HP1506401_H19
4,3,18,18,8,8,HP1506401_H2
20,18,20,20,25,1,HP1506401_H22
4,3,21,21,17,17,HP1506401_H23
12,11,12,12,4,4,HP1506401_H3
4,3,19,19,17,17,HP1506401_H4
4,3,19,19,8,8,HP1506401_H6
4,3,21,21,17,17,HP1506401_H7
4,3,19,19,17,17,HP1506401_H9
10,9,3,3,15,15,HP1506401_I1
11,10,11,11,4,4,HP1506401_I10
21,19,9,9,21,21,HP1506401_I11
21,19,9,9,21,21,HP1506401_I12
11,10,8,8,4,4,HP1506401_I13
10,9,3,3,15,15,HP1506401_I14
12,11,12,12,4,4,HP1506401_I15
10,9,3,3,15,15,HP1506401_I17
11,10,11,11,4,4,HP1506401_I18
10,9,3,3,15,15,HP1506401_I2
4,3,19,19,17,17,HP1506401_I21
21,19,9,9,21,21,HP1506401_I23
4,3,19,19,17,17,HP1506401_I24
4,3,19,19,17,17,HP1506401_I4
11,10,11,11,4,4,HP1506401_I6
20,18,20,20,25,1,HP1506401_I8
12,11,12,12,4,4,HP1506401_J11
12,11,12,12,4,4,HP1506401_J14
11,10,8,8,4,4,HP1506401_J15
20,18,3,3,15,15,HP1506401_J16
21,19,9,9,21,21,HP1506401_J17
21,19,9,9,21,21,HP1506401_J19
11,10,8,8,4,4,HP1506401_J2
4,3,19,19,8,8,HP1506401_J20
4,3,19,19,17,17,HP1506401_J21
4,3,18,18,17,17,HP1506401_J22
11,10,12,12,4,4,HP1506401_J23
11,10,11,11,4,4,HP1506401_J24
11,10,11,11,4,4,HP1506401_J3
20,18,20,20,25,1,HP1506401_J4
4,3,19,19,17,17,HP1506401_J5
11,10,11,11,4,4,HP1506401_J6
4,3,19,19,17,17,HP1506401_J7
4,3,19,19,17,17,HP1506401_J8
11,10,8,8,4,4,HP1506401_J9
21,19,9,9,21,21,HP1506401_K1
20,18,20,20,25,1,HP1506401_K12
11,10,11,11,4,4,HP1506401_K14
11,10,11,11,4,4,HP1506401_K15
4,3,19,19,17,17,HP1506401_K16
4,3,19,19,17,17,HP1506401_K17
13,12,10,10,22,22,HP1506401_K18
4,3,19,19,17,17,HP1506401_K19
11,10,8,8,4,4,HP1506401_K2
21,19,9,9,21,21,HP1506401_K21
10,9,3,3,15,15,HP1506401_K22
10,9,3,3,15,15,HP1506401_K23
4,3,21,21,17,17,HP1506401_K4
11,10,8,8,4,4,HP1506401_K6
4,3,19,19,17,17,HP1506401_L1
4,3,21,21,17,17,HP1506401_L10
11,10,11,11,4,4,HP1506401_L11
4,3,19,19,17,17,HP1506401_L13
21,19,9,9,21,21,HP1506401_L14
10,9,3,3,15,15,HP1506401_L17
11,10,12,12,4,4,HP1506401_L18
11,10,11,11,4,4,HP1506401_L19
21,19,9,9,19,19,HP1506401_L2
4,3,19,19,17,17,HP1506401_L20
4,3,21,21,17,17,HP1506401_L21
11,10,11,11,4,4,HP1506401_L22
20,18,20,20,25,1,HP1506401_L23
11,10,11,11,4,4,HP1506401_L3
4,3,19,19,17,17,HP1506401_L4
21,19,9,9,21,21,HP1506401_L5
11,10,11,11,4,4,HP1506401_L7
11,10,8,8,4,4,HP1506401_L9
11,10,12,12,4,4,HP1506401_M1
4,3,19,19,17,17,HP1506401_M11
20,18,20,20,5,5,HP1506401_M12
4,3,19,19,17,17,HP1506401_M16
11,10,8,8,4,4,HP1506401_M17
11,10,11,11,4,4,HP1506401_M18
11,10,11,11,4,4,HP1506401_M19
4,3,19,19,17,17,HP1506401_M21
11,10,8,8,4,4,HP1506401_M4
10,9,3,3,15,15,HP1506401_M6
11,10,12,12,4,4,HP1506401_M8
12,11,12,12,4,4,HP1506401_N1
4,3,21,21,17,17,HP1506401_N10
21,19,9,9,21,21,HP1506401_N11
11,10,11,11,4,4,HP1506401_N15
4,3,19,19,17,17,HP1506401_N16
4,3,21,21,17,17,HP1506401_N17
20,18,23,23,25,1,HP1506401_N19
21,19,9,9,21,21,HP1506401_N20
11,10,11,11,4,4,HP1506401_N22
11,10,11,11,4,4,HP1506401_N23
11,10,12,12,4,4,HP1506401_N24
20,18,20,20,25,1,HP1506401_N4
11,10,11,11,4,4,HP1506401_N5
11,10,11,11,4,4,HP1506401_N9
21,19,9,9,21,21,HP1506401_O10
21,19,9,9,21,21,HP1506401_O11
11,10,11,11,4,4,HP1506401_O12
11,10,11,11,4,4,HP1506401_O16
11,10,11,11,4,4,HP1506401_O18
4,3,21,21,17,17,HP1506401_O2
11,10,11,11,4,4,HP1506401_O21
20,18,20,20,25,1,HP1506401_O23
11,10,11,11,4,4,HP1506401_O24
20,18,20,20,25,1,HP1506401_O3
4,3,19,19,17,17,HP1506401_O4
12,11,12,12,4,4,HP1506401_O7
4,3,21,21,17,17,HP1506401_O8
4,3,18,18,17,17,HP1506401_P1
11,10,11,11,4,4,HP1506401_P10
4,3,21,21,17,17,HP1506401_P11
21,19,9,9,21,21,HP1506401_P12
21,19,9,9,21,21,HP1506401_P14
11,10,11,11,4,4,HP1506401_P17
20,18,20,20,25,1,HP1506401_P19
21,19,9,9,21,21,HP1506401_P20
4,3,19,19,17,17,HP1506401_P21
4,3,19,19,17,17,HP1506401_P22
11,10,11,11,4,4,HP1506401_P23
20,18,20,20,25,1,HP1506401_P3
4,3,21,21,17,17,HP1506401_P4
4,3,19,19,17,17,HP1506401_P5
19,17,2,2,19,19,HP1507101_A12
22,18,17,17,1,1,HP1507101_A14
22,18,17,17,1,1,HP1507101_A20
22,18,17,17,27,26,HP1507101_A22
22,18,16,16,1,1,HP1507101_A4
13,12,10,10,6,6,HP1507101_A5
19,17,2,2,19,19,HP1507101_A6
22,18,17,17,1,1,HP1507101_B1
22,18,16,16,1,1,HP1507101_B12
22,18,22,22,1,1,HP1507101_B13
22,18,17,17,1,1,HP1507101_B14
22,18,13,13,1,1,HP1507101_B15
22,18,17,17,1,1,HP1507101_B16
22,18,17,17,1,1,HP1507101_B18
22,18,22,22,1,1,HP1507101_B19
9,8,6,6,13,13,HP1507101_B20
22,18,17,17,27,26,HP1507101_B23
22,18,22,22,1,1,HP1507101_B24
22,18,16,16,1,1,HP1507101_B3
22,18,23,23,1,1,HP1507101_B4
19,17,2,2,19,19,HP1507101_B5
22,18,23,23,1,1,HP1507101_B6
22,18,17,17,1,1,HP1507101_B7
22,18,9,9,19,19,HP1507101_C10
19,17,13,13,19,19,HP1507101_C12
22,18,16,16,1,1,HP1507101_C14
22,18,16,16,1,1,HP1507101_C18
22,18,14,14,1,1,HP1507101_C2
22,18,16,16,1,1,HP1507101_C4
22,18,5,5,1,1,HP1507101_C5
19,17,2,2,19,19,HP1507101_C7
22,18,16,16,1,1,HP1507101_C8
22,18,17,17,1,1,HP1507101_D1
18,17,4,4,16,16,HP1507101_D10
22,18,23,23,1,1,HP1507101_D12
22,18,22,22,1,1,HP1507101_D14
22,18,22,22,1,1,HP1507101_D15
22,18,22,22,1,1,HP1507101_D17
22,18,17,17,1,1,HP1507101_D18
22,18,16,16,1,1,HP1507101_D2
19,17,2,2,19,19,HP1507101_D22
19,17,2,2,19,19,HP1507101_D23
19,17,2,2,19,19,HP1507101_D3
22,18,22,22,1,1,HP1507101_D5
19,17,2,2,19,19,HP1507101_D6
22,18,22,22,1,1,HP1507101_D8
17,16,15,15,16,16,HP1507101_D9
22,18,3,3,1,1,HP1507101_E10
22,18,6,6,1,1,HP1507101_E12
19,17,2,2,19,19,HP1507101_E14
22,18,22,22,1,1,HP1507101_E2
22,18,17,17,1,1,HP1507101_E20
11,10,12,12,4,4,HP1507101_E22
22,18,16,16,1,1,HP1507101_E24
22,18,23,23,1,1,HP1507101_E6
22,18,16,16,1,1,HP1507101_E7
22,18,22,22,1,1,HP1507101_E8
22,18,17,17,1,1,HP1507101_E9
22,18,16,16,1,1,HP1507101_F1
13,12,10,10,6,6,HP1507101_F10
19,17,2,2,19,19,HP1507101_F11
13,12,9,9,6,6,HP1507101_F12
22,18,16,16,1,1,HP1507101_F13
19,17,13,13,19,19,HP1507101_F14
4,3,21,21,8,8,HP1507101_F15
22,18,22,22,1,1,HP1507101_F16
22,18,17,17,1,1,HP1507101_F18
22,18,22,22,1,1,HP1507101_F19
22,18,22,22,1,1,HP1507101_F2
22,18,16,16,1,1,HP1507101_F20
22,18,16,16,1,1,HP1507101_F22
19,17,13,13,19,19,HP1507101_F23
22,18,22,22,1,1,HP1507101_F3
19,17,2,2,19,19,HP1507101_F4
22,18,17,17,1,1,HP1507101_F5
22,18,17,17,1,1,HP1507101_F7
22,18,22,22,1,1,HP1507101_F8
4,3,19,19,8,8,HP1507101_G10
22,18,23,23,1,1,HP1507101_G12
22,18,16,16,1,1,HP1507101_G13
22,18,14,14,1,1,HP1507101_G14
22,18,16,16,1,1,HP1507101_G15
22,18,23,23,1,1,HP1507101_G16
22,18,22,22,1,1,HP1507101_G18
17,16,15,15,16,16,HP1507101_G2
22,18,17,17,1,1,HP1507101_G22
22,18,5,5,1,1,HP1507101_G23
22,18,16,16,1,1,HP1507101_G6
22,18,16,16,1,1,HP1507101_G8
22,18,22,22,1,1,HP1507101_H1
22,18,9,9,1,1,HP1507101_H10
22,18,23,23,1,1,HP1507101_H11
22,18,17,17,1,1,HP1507101_H12
22,18,16,16,1,1,HP1507101_H14
22,18,16,16,1,1,HP1507101_H15
4,3,21,21,8,8,HP1507101_H16
19,17,2,2,19,19,HP1507101_H17
22,18,17,17,1,1,HP1507101_H22
22,18,7,7,1,1,HP1507101_H23
22,18,16,16,1,1,HP1507101_H3
19,17,2,2,19,19,HP1507101_H4
22,18,16,16,1,1,HP1507101_H5
22,18,17,17,1,1,HP1507101_H6
22,18,22,22,1,1,HP1507101_H7
22,18,23,23,5,5,HP1507101_H9
22,18,17,17,1,1,HP1507101_I11
19,17,2,2,19,19,HP1507101_I12
22,18,22,22,1,1,HP1507101_I13
22,18,22,22,1,1,HP1507101_I16
22,18,23,23,1,1,HP1507101_I17
19,17,2,2,19,19,HP1507101_I18
22,18,22,22,1,1,HP1507101_I19
22,18,16,16,1,1,HP1507101_I2
22,18,23,23,1,1,HP1507101_I20
22,18,17,17,1,1,HP1507101_I22
22,18,7,7,1,1,HP1507101_I4
22,18,22,22,1,1,HP1507101_I5
22,18,16,16,1,1,HP1507101_I6
22,18,22,22,1,1,HP1507101_I8
22,18,5,5,1,1,HP1507101_J1
22,18,22,22,1,1,HP1507101_J11
17,16,15,15,16,16,HP1507101_J12
22,18,17,17,1,1,HP1507101_J13
4,3,19,19,8,8,HP1507101_J15
22,18,17,17,1,1,HP1507101_J17
22,18,22,22,1,1,HP1507101_J18
19,17,2,2,19,19,HP1507101_J19
22,18,5,5,1,1,HP1507101_J2
19,17,13,13,19,19,HP1507101_J20
22,18,22,22,1,1,HP1507101_J21
22,18,17,17,1,1,HP1507101_J22
22,18,23,23,1,1,HP1507101_J23
22,18,17,17,1,1,HP1507101_J24
22,18,5,5,1,1,HP1507101_J3
22,18,16,16,1,1,HP1507101_J5
12,11,12,12,4,4,HP1507101_J7
19,17,9,9,19,19,HP1507101_J8
17,16,15,15,16,16,HP1507101_K13
19,17,2,2,19,19,HP1507101_K15
4,3,19,19,8,8,HP1507101_K16
17,16,15,15,16,16,HP1507101_K20
19,17,2,2,19,19,HP1507101_K23
22,18,23,23,1,1,HP1507101_K3
22,18,17,17,1,1,HP1507101_K4
22,18,17,17,1,1,HP1507101_K8
17,16,15,15,16,16,HP1507101_L1
22,18,16,16,1,1,HP1507101_L11
22,18,22,22,1,1,HP1507101_L14
19,17,2,2,19,19,HP1507101_L16
12,11,8,8,4,4,HP1507101_L17
22,18,17,17,1,1,HP1507101_L18
22,18,16,16,1,1,HP1507101_L19
22,18,22,22,1,1,HP1507101_L2
22,18,22,22,1,1,HP1507101_L21
19,17,13,13,19,19,HP1507101_L22
13,12,10,10,6,6,HP1507101_L23
19,17,2,2,19,19,HP1507101_L24
22,18,20,20,1,1,HP1507101_L3
13,12,10,10,6,6,HP1507101_L4
22,18,16,16,1,1,HP1507101_L5
22,18,16,16,1,1,HP1507101_L7
22,18,17,17,1,1,HP1507101_M12
22,18,16,16,1,1,HP1507101_M18
22,18,17,17,1,1,HP1507101_M2
9,8,6,6,13,13,HP1507101_M22
22,18,23,23,1,1,HP1507101_M4
19,17,2,2,19,19,HP1507101_M8
22,18,15,15,1,1,HP1507101_N1
19,17,13,13,19,19,HP1507101_N13
22,18,22,22,1,1,HP1507101_N16
22,18,22,22,1,1,HP1507101_N19
22,18,22,22,1,1,HP1507101_N2
22,18,17,17,1,1,HP1507101_N20
22,18,9,9,1,1,HP1507101_N21
22,18,17,17,27,26,HP1507101_N4
19,17,2,2,19,19,HP1507101_N5
19,17,2,2,19,19,HP1507101_N6
4,3,19,19,8,8,HP1507101_N8
22,18,17,17,1,1,HP1507101_N9
22,18,22,22,1,1,HP1507101_O1
22,18,22,22,1,1,HP1507101_O11
4,3,21,21,8,8,HP1507101_O12
22,18,22,22,1,1,HP1507101_O13
19,17,2,2,19,19,HP1507101_O14
22,18,22,22,1,1,HP1507101_O16
19,17,2,2,19,19,HP1507101_O19
22,18,22,22,1,1,HP1507101_O20
22,18,17,17,1,1,HP1507101_O22
13,12,10,10,6,6,HP1507101_O23
19,17,2,2,19,19,HP1507101_O3
22,18,22,22,1,1,HP1507101_O5
19,17,2,2,19,19,HP1507101_O8
4,3,19,19,8,8,HP1507101_P1
22,18,17,17,1,1,HP1507101_P10
22,18,9,9,1,1,HP1507101_P11
22,18,17,17,1,1,HP1507101_P12
19,17,2,2,19,19,HP1507101_P2
13,12,10,10,6,6,HP1507101_P21
22,18,16,16,1,1,HP1507101_P23
22,18,23,23,1,1,HP1507101_P3
22,18,23,23,1,1,HP1507101_P4
22,18,17,17,1,1,HP1507101_P5
22,18,16,16,1,1,HP1507101_P8
25,22,13,13,21,21,HP1508501T2D_A10
12,11,12,12,4,4,HP1508501T2D_A11
24,21,14,14,5,5,HP1508501T2D_A12
24,21,5,5,5,5,HP1508501T2D_A13
24,21,22,22,1,1,HP1508501T2D_A14
24,21,23,23,5,5,HP1508501T2D_A15
24,21,16,16,5,5,HP1508501T2D_A16
4,3,19,19,8,8,HP1508501T2D_A17
9,8,3,3,15,15,HP1508501T2D_A19
12,11,12,12,18,18,HP1508501T2D_A23
24,21,17,17,5,5,HP1508501T2D_A3
24,21,7,7,5,5,HP1508501T2D_A4
4,3,19,19,17,17,HP1508501T2D_A7
17,16,15,15,16,16,HP1508501T2D_A8
9,8,3,3,15,15,HP1508501T2D_B10
24,21,23,23,5,5,HP1508501T2D_B11
24,21,14,14,5,5,HP1508501T2D_B12
12,11,12,12,4,4,HP1508501T2D_B14
24,21,16,16,5,5,HP1508501T2D_B15
25,22,2,2,21,21,HP1508501T2D_B16
4,3,18,18,8,8,HP1508501T2D_B17
4,3,19,19,8,8,HP1508501T2D_B18
4,3,19,19,8,8,HP1508501T2D_B19
25,22,13,13,19,19,HP1508501T2D_B20
24,21,9,9,1,1,HP1508501T2D_B21
24,21,17,17,5,5,HP1508501T2D_B23
24,21,23,23,5,5,HP1508501T2D_B3
24,21,23,23,5,5,HP1508501T2D_B4
24,21,23,23,5,5,HP1508501T2D_B5
24,21,23,23,5,5,HP1508501T2D_B8
24,21,22,22,5,5,HP1508501T2D_B9
24,21,17,17,5,5,HP1508501T2D_C10
4,3,19,19,8,8,HP1508501T2D_C11
17,16,15,15,16,16,HP1508501T2D_C12
24,21,23,23,5,5,HP1508501T2D_C13
25,22,13,13,21,21,HP1508501T2D_C14
4,3,18,18,8,8,HP1508501T2D_C15
13,12,10,10,6,6,HP1508501T2D_C16
18,17,2,2,21,21,HP1508501T2D_C17
4,3,21,21,8,8,HP1508501T2D_C18
4,3,21,21,11,11,HP1508501T2D_C19
4,3,19,19,8,8,HP1508501T2D_C2
24,21,14,14,5,5,HP1508501T2D_C20
24,21,16,16,5,5,HP1508501T2D_C23
25,22,13,13,21,21,HP1508501T2D_C4
13,12,10,10,6,6,HP1508501T2D_C8
18,17,15,15,27,26,HP1508501T2D_C9
24,21,23,23,12,12,HP1508501T2D_D1
24,21,23,23,5,5,HP1508501T2D_D10
24,21,22,22,1,1,HP1508501T2D_D11
24,21,5,5,5,5,HP1508501T2D_D13
24,21,16,16,5,5,HP1508501T2D_D14
24,21,10,10,6,6,HP1508501T2D_D15
24,21,17,17,5,5,HP1508501T2D_D16
24,21,17,17,5,5,HP1508501T2D_D17
12,11,8,8,4,4,HP1508501T2D_D18
24,21,23,23,5,5,HP1508501T2D_D2
24,21,23,23,5,5,HP1508501T2D_D20
24,21,3,3,5,5,HP1508501T2D_D21
4,3,1,1,11,11,HP1508501T2D_D22
24,21,14,14,5,5,HP1508501T2D_D3
24,21,22,22,5,5,HP1508501T2D_D5
24,21,22,22,5,5,HP1508501T2D_D6
24,21,14,14,5,5,HP1508501T2D_D8
12,11,8,8,4,4,HP1508501T2D_D9
17,16,15,15,16,16,HP1508501T2D_E1
24,21,14,14,5,5,HP1508501T2D_E10
4,3,19,19,8,8,HP1508501T2D_E11
24,21,14,14,5,5,HP1508501T2D_E12
24,21,17,17,5,5,HP1508501T2D_E13
24,21,14,14,5,5,HP1508501T2D_E14
4,3,19,19,8,8,HP1508501T2D_E15
4,3,18,18,8,8,HP1508501T2D_E16
4,3,18,18,8,8,HP1508501T2D_E17
24,21,14,14,5,5,HP1508501T2D_E18
24,21,16,16,1,1,HP1508501T2D_E19
24,21,22,22,5,5,HP1508501T2D_E2
17,16,15,15,16,16,HP1508501T2D_E20
24,21,22,22,5,5,HP1508501T2D_E21
24,21,14,14,5,5,HP1508501T2D_E22
24,21,16,16,1,1,HP1508501T2D_E23
12,11,12,12,4,4,HP1508501T2D_E4
24,21,22,22,5,5,HP1508501T2D_E6
4,3,18,18,8,8,HP1508501T2D_E7
24,21,5,5,5,5,HP1508501T2D_E8
4,3,18,18,8,8,HP1508501T2D_E9
25,22,13,13,21,21,HP1508501T2D_F1
9,8,3,3,15,15,HP1508501T2D_F11
4,3,19,19,8,8,HP1508501T2D_F12
18,17,15,15,22,22,HP1508501T2D_F14
4,3,18,18,8,8,HP1508501T2D_F15
24,21,17,17,5,5,HP1508501T2D_F16
24,21,23,23,5,5,HP1508501T2D_F17
24,21,17,17,5,5,HP1508501T2D_F18
24,21,23,23,5,5,HP1508501T2D_F2
24,21,16,16,1,1,HP1508501T2D_F20
12,11,8,8,4,4,HP1508501T2D_F21
18,17,1,1,22,22,HP1508501T2D_F22
24,21,14,14,5,5,HP1508501T2D_F23
25,22,13,13,21,21,HP1508501T2D_F3
4,3,19,19,8,8,HP1508501T2D_F4
18,17,1,1,22,22,HP1508501T2D_F5
25,22,13,13,21,21,HP1508501T2D_F7
4,3,19,19,17,17,HP1508501T2D_F8
24,21,5,5,5,5,HP1508501T2D_F9
4,3,19,19,8,8,HP1508501T2D_G1
24,21,22,22,5,5,HP1508501T2D_G10
24,21,5,5,5,5,HP1508501T2D_G11
12,11,8,8,4,4,HP1508501T2D_G12
4,3,18,18,8,8,HP1508501T2D_G13
4,3,19,19,8,8,HP1508501T2D_G14
24,21,23,23,5,5,HP1508501T2D_G15
18,17,5,5,22,22,HP1508501T2D_G16
12,11,12,12,4,4,HP1508501T2D_G17
12,11,12,12,4,4,HP1508501T2D_G18
12,11,12,12,4,4,HP1508501T2D_G19
4,3,19,19,8,8,HP1508501T2D_G2
24,21,23,23,5,5,HP1508501T2D_G20
24,21,14,14,5,5,HP1508501T2D_G21
9,8,6,6,15,15,HP1508501T2D_G22
12,11,12,12,4,4,HP1508501T2D_G23
4,3,19,19,8,8,HP1508501T2D_G3
24,21,23,23,5,5,HP1508501T2D_G4
25,22,13,13,21,21,HP1508501T2D_G5
24,21,17,17,5,5,HP1508501T2D_G6
18,17,5,5,22,22,HP1508501T2D_G9
24,21,23,23,5,5,HP1508501T2D_H10
13,12,10,10,6,6,HP1508501T2D_H11
18,17,4,4,22,22,HP1508501T2D_H12
4,3,18,18,8,8,HP1508501T2D_H13
2,2,1,1,26,25,HP1508501T2D_H14
24,21,5,5,10,10,HP1508501T2D_H15
12,11,12,12,4,4,HP1508501T2D_H16
4,3,21,21,8,8,HP1508501T2D_H17
9,8,3,3,15,15,HP1508501T2D_H18
25,22,13,13,21,21,HP1508501T2D_H2
24,21,17,17,5,5,HP1508501T2D_H21
24,21,5,5,2,2,HP1508501T2D_H22
24,21,23,23,5,5,HP1508501T2D_H23
24,21,14,14,5,5,HP1508501T2D_H3
24,21,17,17,5,5,HP1508501T2D_H4
17,16,15,15,16,16,HP1508501T2D_H5
24,21,17,17,5,5,HP1508501T2D_H6
4,3,18,18,8,8,HP1508501T2D_I1
12,11,12,12,4,4,HP1508501T2D_I10
4,3,19,19,8,8,HP1508501T2D_I11
4,3,18,18,8,8,HP1508501T2D_I12
4,3,19,19,8,8,HP1508501T2D_I13
24,21,23,23,5,5,HP1508501T2D_I14
24,21,14,14,5,5,HP1508501T2D_I15
24,21,17,17,5,5,HP1508501T2D_I16
4,3,18,18,8,8,HP1508501T2D_I17
13,12,10,10,6,6,HP1508501T2D_I18
17,16,15,15,16,16,HP1508501T2D_I19
24,21,22,22,5,5,HP1508501T2D_I2
24,21,23,23,5,5,HP1508501T2D_I20
4,3,19,19,8,8,HP1508501T2D_I21
24,21,17,17,5,5,HP1508501T2D_I22
13,12,10,10,6,6,HP1508501T2D_I23
17,16,15,15,16,16,HP1508501T2D_I3
4,3,18,18,8,8,HP1508501T2D_I4
12,11,12,12,4,4,HP1508501T2D_I7
25,22,13,13,21,21,HP1508501T2D_I8
24,21,23,23,5,5,HP1508501T2D_J1
4,3,18,18,8,8,HP1508501T2D_J11
24,21,14,14,5,5,HP1508501T2D_J12
4,3,18,18,8,8,HP1508501T2D_J13
4,3,18,18,8,8,HP1508501T2D_J14
4,3,19,19,8,8,HP1508501T2D_J15
4,3,19,19,8,8,HP1508501T2D_J16
24,21,3,3,5,5,HP1508501T2D_J17
13,12,10,10,6,6,HP1508501T2D_J18
17,16,15,15,16,16,HP1508501T2D_J2
24,21,17,17,5,5,HP1508501T2D_J20
24,21,5,5,5,5,HP1508501T2D_J21
4,3,19,19,8,8,HP1508501T2D_J22
12,11,8,8,4,4,HP1508501T2D_J23
24,21,23,23,5,5,HP1508501T2D_J3
24,21,17,17,5,5,HP1508501T2D_J4
24,21,14,14,5,5,HP1508501T2D_J5
25,22,13,13,21,21,HP1508501T2D_J6
24,21,17,17,5,5,HP1508501T2D_J8
24,21,14,14,5,5,HP1508501T2D_J9
24,21,22,22,5,5,HP1508501T2D_K1
24,21,17,17,5,5,HP1508501T2D_K12
24,21,14,14,5,5,HP1508501T2D_K14
4,3,18,18,8,8,HP1508501T2D_K15
9,8,3,3,15,15,HP1508501T2D_K16
24,21,23,23,5,5,HP1508501T2D_K17
18,17,4,4,16,16,HP1508501T2D_K18
24,21,17,17,5,5,HP1508501T2D_K19
4,3,18,18,8,8,HP1508501T2D_K2
25,22,9,9,19,19,HP1508501T2D_K20
24,21,17,17,5,5,HP1508501T2D_K21
4,3,18,18,8,8,HP1508501T2D_K22
4,3,19,19,8,8,HP1508501T2D_K23
4,3,19,19,8,8,HP1508501T2D_K3
24,21,17,17,5,5,HP1508501T2D_K4
12,11,12,12,4,4,HP1508501T2D_K6
4,3,18,18,8,8,HP1508501T2D_K7
24,21,23,23,5,5,HP1508501T2D_K9
17,16,15,15,16,16,HP1508501T2D_L10
4,3,19,19,8,8,HP1508501T2D_L11
24,21,16,16,5,5,HP1508501T2D_L13
24,21,17,17,5,5,HP1508501T2D_L14
17,16,15,15,16,16,HP1508501T2D_L15
24,21,23,23,5,5,HP1508501T2D_L16
24,21,10,10,5,5,HP1508501T2D_L17
24,21,20,20,5,5,HP1508501T2D_L18
12,11,12,12,4,4,HP1508501T2D_L2
4,3,1,1,8,8,HP1508501T2D_L20
4,3,21,21,8,8,HP1508501T2D_L21
4,3,18,18,8,8,HP1508501T2D_L23
4,3,19,19,8,8,HP1508501T2D_L5
24,21,14,14,5,5,HP1508501T2D_L6
24,21,23,23,5,5,HP1508501T2D_L7
4,3,18,18,8,8,HP1508501T2D_L9
18,17,4,4,22,22,HP1508501T2D_M1
17,16,15,15,16,16,HP1508501T2D_M10
12,11,12,12,4,4,HP1508501T2D_M11
24,21,17,17,5,5,HP1508501T2D_M12
25,22,13,13,21,21,HP1508501T2D_M14
4,3,18,18,8,8,HP1508501T2D_M15
17,16,15,15,16,16,HP1508501T2D_M16
4,3,18,18,8,8,HP1508501T2D_M17
12,11,8,8,4,4,HP1508501T2D_M18
24,21,22,22,5,5,HP1508501T2D_M19
24,21,23,23,5,5,HP1508501T2D_M20
4,3,19,19,8,8,HP1508501T2D_M22
2,2,1,1,11,11,HP1508501T2D_M23
4,3,18,18,8,8,HP1508501T2D_M3
24,21,5,5,5,5,HP1508501T2D_M4
24,21,5,5,5,5,HP1508501T2D_M5
12,11,12,12,4,4,HP1508501T2D_M7
24,21,16,16,5,5,HP1508501T2D_M8
24,21,17,17,5,5,HP1508501T2D_M9
4,3,21,21,8,8,HP1508501T2D_N1
4,3,19,19,8,8,HP1508501T2D_N10
24,21,23,23,5,5,HP1508501T2D_N11
12,11,12,12,4,4,HP1508501T2D_N13
4,3,18,18,8,8,HP1508501T2D_N15
4,3,21,21,8,8,HP1508501T2D_N17
9,8,6,6,15,15,HP1508501T2D_N18
4,3,21,21,8,8,HP1508501T2D_N19
4,3,18,18,8,8,HP1508501T2D_N2
24,21,14,14,5,5,HP1508501T2D_N20
12,11,12,12,4,4,HP1508501T2D_N21
4,3,19,19,7,7,HP1508501T2D_N22
4,3,18,18,8,8,HP1508501T2D_N23
24,21,14,14,5,5,HP1508501T2D_N4
24,21,5,5,3,3,HP1508501T2D_N5
4,3,18,18,8,8,HP1508501T2D_N6
4,3,19,19,8,8,HP1508501T2D_N7
4,3,18,18,8,8,HP1508501T2D_N8
4,3,19,19,8,8,HP1508501T2D_N9
24,21,17,17,5,5,HP1508501T2D_O1
12,11,12,12,4,4,HP1508501T2D_O11
4,3,21,21,8,8,HP1508501T2D_O12
12,11,12,12,4,4,HP1508501T2D_O13
24,21,5,5,5,5,HP1508501T2D_O14
4,3,18,18,8,8,HP1508501T2D_O3
25,22,13,13,21,21,HP1508501T2D_O4
12,11,12,12,4,4,HP1508501T2D_O7
4,3,18,18,8,8,HP1508501T2D_O8
4,3,18,18,8,8,HP1508501T2D_O9
25,22,9,9,21,21,HP1508501T2D_P1
24,21,17,17,5,5,HP1508501T2D_P11
24,21,17,17,8,8,HP1508501T2D_P14
12,11,8,8,4,4,HP1508501T2D_P2
24,21,14,14,5,5,HP1508501T2D_P3
9,8,3,3,15,15,HP1508501T2D_P4
24,21,9,9,5,5,HP1508501T2D_P5
24,21,23,23,5,5,HP1508501T2D_P6
24,21,14,14,5,5,HP1508501T2D_P7
24,21,14,14,5,5,HP1508501T2D_P8
24,21,3,3,5,5,HP1508501T2D_P9
22,18,16,16,1,1,HP1509101_A3
22,18,22,22,1,1,HP1509101_A7
4,3,21,21,11,11,HP1509101_A8
22,18,16,16,1,1,HP1509101_B10
19,17,13,13,19,19,HP1509101_B13
12,11,8,8,4,4,HP1509101_B16
17,16,15,15,16,16,HP1509101_B17
4,3,21,21,8,8,HP1509101_B19
22,18,22,22,1,1,HP1509101_B20
4,3,18,18,8,8,HP1509101_B23
19,17,9,9,19,19,HP1509101_C1
4,3,21,21,8,8,HP1509101_C21
22,18,17,17,1,1,HP1509101_C22
19,17,2,2,19,19,HP1509101_C23
4,3,21,21,8,8,HP1509101_D17
19,17,2,2,19,19,HP1509101_D18
22,18,16,16,1,1,HP1509101_D19
13,12,10,10,6,6,HP1509101_D22
4,3,19,19,8,8,HP1509101_D23
22,18,17,17,1,1,HP1509101_D5
22,18,17,17,1,1,HP1509101_D8
22,18,22,22,1,1,HP1509101_E19
19,17,13,13,19,19,HP1509101_E22
4,3,18,18,7,7,HP1509101_E3
13,12,10,10,6,6,HP1509101_E4
3,17,8,8,4,4,HP1509101_F18
22,18,16,16,1,1,HP1509101_F19
9,8,6,6,13,13,HP1509101_F21
4,3,21,21,8,8,HP1509101_F22
18,17,4,4,16,16,HP1509101_F23
22,18,16,16,1,1,HP1509101_F4
4,3,19,19,8,8,HP1509101_F7
22,18,16,16,1,1,HP1509101_G16
22,18,22,22,1,1,HP1509101_G18
22,18,17,17,1,1,HP1509101_G19
19,17,2,2,19,19,HP1509101_G9
22,18,17,17,27,26,HP1509101_H1
13,12,10,10,6,6,HP1509101_H13
4,3,18,18,8,8,HP1509101_H20
22,18,16,16,1,1,HP1509101_H21
22,18,22,22,1,1,HP1509101_H22
22,18,22,22,1,1,HP1509101_H23
13,12,10,10,6,6,HP1509101_H7
22,18,22,22,1,1,HP1509101_I10
4,3,18,18,8,8,HP1509101_I12
18,17,4,4,16,16,HP1509101_I17
22,18,17,17,1,1,HP1509101_I21
22,18,22,22,1,1,HP1509101_I23
22,18,22,22,1,1,HP1509101_I5
22,18,22,22,1,1,HP1509101_J12
22,18,17,17,1,1,HP1509101_J15
13,12,10,10,6,6,HP1509101_J16
19,17,9,9,19,19,HP1509101_J19
22,18,16,16,1,1,HP1509101_J20
4,3,18,18,8,8,HP1509101_J22
4,3,21,21,8,8,HP1509101_J23
22,18,22,22,1,1,HP1509101_J4
22,18,22,22,1,1,HP1509101_J8
4,3,19,19,8,8,HP1509101_J9
4,3,18,18,17,17,HP1509101_K10
4,3,21,21,8,8,HP1509101_K15
4,3,21,21,8,8,HP1509101_K19
22,18,16,16,1,1,HP1509101_K22
19,17,2,2,19,19,HP1509101_K9
22,18,17,17,1,1,HP1509101_L11
4,3,19,19,8,8,HP1509101_L13
19,17,2,2,19,19,HP1509101_L14
4,3,19,19,8,8,HP1509101_L16
22,18,9,9,1,1,HP1509101_L17
17,16,15,15,16,16,HP1509101_L18
13,12,10,10,6,6,HP1509101_L19
13,12,10,10,6,6,HP1509101_L23
22,18,17,17,12,12,HP1509101_L8
22,18,17,17,1,1,HP1509101_M10
22,18,16,16,1,1,HP1509101_M12
22,18,17,17,1,1,HP1509101_N17
22,18,16,16,1,1,HP1509101_N18
22,18,17,17,1,1,HP1509101_N20
19,17,2,2,19,19,HP1509101_N23
22,18,16,16,1,1,HP1509101_N9
13,12,10,10,6,6,HP1509101_O1
22,18,16,16,1,1,HP1509101_O13
4,3,21,21,8,8,HP1509101_O14
22,18,16,16,1,1,HP1509101_O16
19,17,2,2,19,19,HP1509101_O18
13,12,10,10,6,6,HP1509101_O4
22,18,22,22,1,1,HP1509101_O7
22,18,17,17,1,1,HP1509101_O9
22,18,9,9,1,1,HP1509101_P1
13,12,10,10,6,6,HP1509101_P12
4,3,19,19,8,8,HP1509101_P17
22,18,14,14,1,1,HP1509101_P18
22,18,16,16,1,1,HP1509101_P20
17,16,15,15,16,16,HP1509101_P23
22,18,17,17,1,1,HP1509101_P4
19,17,2,2,19,19,HP1509101_P7
22,18,18,18,8,8,HP1509101_P8
22,18,18,18,8,8,HP1509101_P9
1,1,21,21,11,11,HP1525301T2D_A1
23,20,14,14,12,12,HP1525301T2D_A11
1,1,19,19,7,7,HP1525301T2D_A12
1,1,18,18,7,7,HP1525301T2D_A13
1,1,18,18,7,7,HP1525301T2D_A14
1,1,19,19,7,7,HP1525301T2D_A15
9,8,3,3,15,15,HP1525301T2D_A16
1,1,18,18,7,7,HP1525301T2D_A17
1,1,21,21,11,11,HP1525301T2D_A19
23,20,17,17,12,12,HP1525301T2D_A3
23,20,14,14,12,12,HP1525301T2D_A5
23,20,17,17,12,12,HP1525301T2D_A6
13,12,10,10,6,6,HP1525301T2D_A7
23,20,17,17,12,12,HP1525301T2D_A9
23,20,23,23,12,12,HP1525301T2D_B1
1,1,18,18,7,7,HP1525301T2D_B10
23,20,17,17,12,12,HP1525301T2D_B11
12,11,12,12,18,18,HP1525301T2D_B12
23,20,23,23,12,12,HP1525301T2D_B13
1,1,21,21,11,11,HP1525301T2D_B14
23,20,17,17,27,26,HP1525301T2D_B15
23,20,17,17,12,12,HP1525301T2D_B18
1,1,19,19,7,7,HP1525301T2D_B21
1,1,18,18,7,7,HP1525301T2D_B24
1,1,21,21,11,11,HP1525301T2D_B3
23,20,22,22,9,9,HP1525301T2D_B4
9,8,3,3,15,15,HP1525301T2D_B5
17,16,15,15,16,16,HP1525301T2D_B6
23,20,22,22,9,9,HP1525301T2D_B7
9,8,3,3,15,15,HP1525301T2D_B8
23,20,17,17,12,12,HP1525301T2D_C1
23,20,17,17,12,12,HP1525301T2D_C10
1,1,21,21,11,11,HP1525301T2D_C11
1,1,18,18,7,7,HP1525301T2D_C13
12,11,12,12,18,18,HP1525301T2D_C14
1,1,18,18,7,7,HP1525301T2D_C15
23,20,16,16,12,12,HP1525301T2D_C16
1,1,18,18,7,7,HP1525301T2D_C17
1,1,21,21,11,11,HP1525301T2D_C19
23,20,17,17,12,12,HP1525301T2D_C2
1,1,18,18,7,7,HP1525301T2D_C21
1,1,21,21,11,11,HP1525301T2D_C22
12,11,12,12,18,18,HP1525301T2D_C23
1,1,21,21,11,11,HP1525301T2D_C24
1,1,18,18,7,7,HP1525301T2D_C3
1,1,21,21,11,11,HP1525301T2D_C4
23,20,17,17,12,12,HP1525301T2D_C5
1,1,18,18,11,11,HP1525301T2D_C6
12,11,8,8,18,18,HP1525301T2D_C7
23,20,17,17,12,12,HP1525301T2D_C8
1,1,18,18,7,7,HP1525301T2D_C9
1,1,18,18,7,7,HP1525301T2D_D1
12,11,12,12,18,18,HP1525301T2D_D10
23,20,17,17,12,12,HP1525301T2D_D11
9,8,6,6,15,15,HP1525301T2D_D12
1,1,18,18,7,7,HP1525301T2D_D14
1,1,19,19,11,11,HP1525301T2D_D15
13,12,10,10,6,6,HP1525301T2D_D19
1,1,19,19,11,11,HP1525301T2D_D2
17,16,15,15,16,16,HP1525301T2D_D21
1,1,18,18,7,7,HP1525301T2D_D22
14,13,9,9,14,14,HP1525301T2D_D23
1,1,19,19,7,7,HP1525301T2D_D3
1,1,19,19,11,11,HP1525301T2D_D4
12,11,8,8,18,18,HP1525301T2D_D6
1,1,21,21,11,11,HP1525301T2D_D8
23,20,22,22,12,12,HP1525301T2D_D9
23,20,23,23,12,12,HP1525301T2D_E1
1,1,18,18,7,7,HP1525301T2D_E11
17,16,15,15,16,16,HP1525301T2D_E12
23,20,16,16,12,12,HP1525301T2D_E13
1,1,18,18,7,7,HP1525301T2D_E15
23,20,16,16,9,9,HP1525301T2D_E16
1,1,21,21,11,11,HP1525301T2D_E17
9,8,3,3,15,15,HP1525301T2D_E19
12,11,12,12,18,18,HP1525301T2D_E2
23,20,17,17,12,12,HP1525301T2D_E22
23,20,17,17,12,12,HP1525301T2D_E23
17,16,15,15,16,16,HP1525301T2D_E24
9,8,3,3,15,15,HP1525301T2D_E3
17,16,15,15,16,16,HP1525301T2D_E5
23,20,16,16,12,12,HP1525301T2D_E7
23,20,5,5,10,10,HP1525301T2D_E8
12,11,8,8,18,18,HP1525301T2D_F10
1,1,21,21,11,11,HP1525301T2D_F12
18,17,5,5,22,22,HP1525301T2D_F13
14,13,13,13,14,14,HP1525301T2D_F15
1,1,18,18,7,7,HP1525301T2D_F16
23,20,16,16,12,12,HP1525301T2D_F19
23,20,17,17,12,12,HP1525301T2D_F2
1,1,21,21,11,11,HP1525301T2D_F21
14,13,13,13,14,14,HP1525301T2D_F23
17,16,15,15,16,16,HP1525301T2D_F24
12,11,12,12,18,18,HP1525301T2D_F3
23,20,17,17,12,12,HP1525301T2D_F4
12,11,8,8,18,18,HP1525301T2D_F5
17,16,15,15,16,16,HP1525301T2D_F7
1,1,21,21,11,11,HP1525301T2D_F8
23,20,14,14,12,12,HP1525301T2D_G1
1,1,18,18,7,7,HP1525301T2D_G10
23,20,22,22,9,9,HP1525301T2D_G11
1,1,21,21,11,11,HP1525301T2D_G13
1,1,21,21,11,11,HP1525301T2D_G14
23,20,17,17,12,12,HP1525301T2D_G15
12,11,12,12,18,18,HP1525301T2D_G17
23,20,17,17,12,12,HP1525301T2D_G18
23,20,22,22,9,9,HP1525301T2D_G19
1,1,21,21,11,11,HP1525301T2D_G20
1,1,21,21,11,11,HP1525301T2D_G21
23,20,14,14,12,12,HP1525301T2D_G22
9,8,6,6,15,15,HP1525301T2D_G23
1,1,18,18,7,7,HP1525301T2D_G3
23,20,14,14,12,12,HP1525301T2D_G4
1,1,19,19,11,11,HP1525301T2D_G5
14,13,13,13,14,14,HP1525301T2D_G8
1,1,21,21,11,11,HP1525301T2D_G9
1,1,21,21,11,11,HP1525301T2D_H1
14,13,13,13,14,14,HP1525301T2D_H10
1,1,18,18,7,7,HP1525301T2D_H11
23,20,14,14,12,12,HP1525301T2D_H12
1,1,18,18,11,11,HP1525301T2D_H14
1,1,18,18,11,11,HP1525301T2D_H16
1,1,21,21,11,11,HP1525301T2D_H17
1,1,19,19,11,11,HP1525301T2D_H18
23,20,22,22,9,9,HP1525301T2D_H19
1,1,19,19,11,11,HP1525301T2D_H2
23,20,14,14,12,12,HP1525301T2D_H20
23,20,17,17,12,12,HP1525301T2D_H23
1,1,21,21,11,11,HP1525301T2D_H24
1,1,18,18,7,7,HP1525301T2D_H3
23,20,16,16,12,12,HP1525301T2D_H6
23,20,17,17,12,12,HP1525301T2D_H7
12,11,12,12,27,26,HP1525301T2D_H8
12,11,12,12,18,18,HP1525301T2D_H9
1,1,18,18,7,7,HP1525301T2D_I1
1,1,18,18,7,7,HP1525301T2D_I10
18,17,15,15,22,22,HP1525301T2D_I11
23,20,17,17,12,12,HP1525301T2D_I12
1,1,21,21,11,11,HP1525301T2D_I15
1,1,21,21,11,11,HP1525301T2D_I16
1,1,18,18,7,7,HP1525301T2D_I17
1,1,21,21,11,11,HP1525301T2D_I18
1,1,18,18,7,7,HP1525301T2D_I19
23,20,14,14,12,12,HP1525301T2D_I2
23,20,14,14,12,12,HP1525301T2D_I21
1,1,18,18,7,7,HP1525301T2D_I22
1,1,18,18,7,7,HP1525301T2D_I23
1,1,18,18,11,11,HP1525301T2D_I24
1,1,18,18,7,7,HP1525301T2D_I3
23,20,14,14,12,12,HP1525301T2D_I4
23,20,22,22,9,9,HP1525301T2D_I5
14,13,9,9,14,14,HP1525301T2D_I6
23,20,14,14,12,12,HP1525301T2D_I7
1,1,19,19,7,7,HP1525301T2D_I8
23,20,14,14,12,12,HP1525301T2D_J1
13,12,10,10,6,6,HP1525301T2D_J10
23,20,14,14,12,12,HP1525301T2D_J13
23,20,16,16,12,12,HP1525301T2D_J14
1,1,19,19,11,11,HP1525301T2D_J15
12,11,12,12,18,18,HP1525301T2D_J16
17,16,15,15,16,16,HP1525301T2D_J17
9,8,3,3,15,15,HP1525301T2D_J18
23,20,14,14,12,12,HP1525301T2D_J19
23,20,14,14,12,12,HP1525301T2D_J2
1,1,18,18,7,7,HP1525301T2D_J20
1,1,18,18,7,7,HP1525301T2D_J21
18,17,5,5,3,3,HP1525301T2D_J22
12,11,12,12,18,18,HP1525301T2D_J23
23,20,23,23,9,9,HP1525301T2D_J4
12,11,12,12,18,18,HP1525301T2D_J5
1,1,18,18,7,7,HP1525301T2D_J7
23,20,17,17,12,12,HP1525301T2D_J8
1,1,21,21,11,11,HP1525301T2D_J9
1,1,21,21,11,11,HP1525301T2D_K1
17,16,15,15,16,16,HP1525301T2D_K10
1,1,18,18,7,7,HP1525301T2D_K11
1,1,18,18,7,7,HP1525301T2D_K12
1,1,21,21,11,11,HP1525301T2D_K14
23,20,22,22,9,9,HP1525301T2D_K15
1,1,19,19,7,7,HP1525301T2D_K16
1,1,19,19,11,11,HP1525301T2D_K17
1,1,18,18,7,7,HP1525301T2D_K18
23,20,16,16,9,9,HP1525301T2D_K19
1,1,21,21,11,11,HP1525301T2D_K2
1,1,21,21,11,11,HP1525301T2D_K21
23,20,16,16,12,12,HP1525301T2D_K22
23,20,17,17,12,12,HP1525301T2D_K23
23,20,16,16,12,12,HP1525301T2D_K3
12,11,12,12,18,18,HP1525301T2D_K5
1,1,18,18,7,7,HP1525301T2D_K6
11,10,11,11,4,4,HP1525301T2D_K7
12,11,8,8,18,18,HP1525301T2D_K8
1,1,21,21,11,11,HP1525301T2D_L1
1,1,19,19,11,11,HP1525301T2D_L13
14,13,13,13,14,14,HP1525301T2D_L14
23,20,17,17,12,12,HP1525301T2D_L15
1,1,19,19,7,7,HP1525301T2D_L16
14,13,13,13,14,14,HP1525301T2D_L17
18,17,5,5,22,22,HP1525301T2D_L19
1,1,19,19,11,11,HP1525301T2D_L2
1,1,21,21,11,11,HP1525301T2D_L20
23,20,23,23,9,9,HP1525301T2D_L22
1,1,18,18,7,7,HP1525301T2D_L23
23,20,17,17,12,12,HP1525301T2D_L24
1,1,21,21,11,11,HP1525301T2D_L4
12,11,12,12,18,18,HP1525301T2D_L5
1,1,18,18,7,7,HP1525301T2D_L6
17,16,15,15,16,16,HP1525301T2D_L8
23,20,17,17,12,12,HP1525301T2D_L9
23,20,14,14,12,12,HP1525301T2D_M10
1,1,18,18,7,7,HP1525301T2D_M11
1,1,21,21,11,11,HP1525301T2D_M12
23,20,22,22,9,9,HP1525301T2D_M13
14,13,9,9,14,14,HP1525301T2D_M14
1,1,21,21,11,11,HP1525301T2D_M15
23,20,16,16,12,12,HP1525301T2D_M16
13,12,10,10,6,6,HP1525301T2D_M17
18,17,2,2,22,22,HP1525301T2D_M19
17,16,15,15,16,16,HP1525301T2D_M2
1,1,18,18,7,7,HP1525301T2D_M20
2,2,19,19,26,25,HP1525301T2D_M22
18,17,5,5,22,22,HP1525301T2D_M23
12,11,8,8,18,18,HP1525301T2D_M5
1,1,21,21,11,11,HP1525301T2D_M6
14,13,13,13,14,14,HP1525301T2D_M7
23,20,14,14,12,12,HP1525301T2D_M8
1,1,18,18,7,7,HP1525301T2D_M9
1,1,18,18,11,11,HP1525301T2D_N1
12,11,8,8,18,18,HP1525301T2D_N10
1,1,18,18,7,7,HP1525301T2D_N11
1,1,18,18,11,11,HP1525301T2D_N12
23,20,17,17,12,12,HP1525301T2D_N13
1,1,21,21,11,11,HP1525301T2D_N14
1,1,21,21,11,11,HP1525301T2D_N16
14,13,13,13,14,14,HP1525301T2D_N18
1,1,18,18,7,7,HP1525301T2D_N20
9,8,3,3,15,15,HP1525301T2D_N21
18,17,5,5,22,22,HP1525301T2D_N22
23,20,17,17,12,12,HP1525301T2D_N23
23,20,14,14,12,12,HP1525301T2D_N24
14,13,13,13,14,14,HP1525301T2D_N3
1,1,18,18,7,7,HP1525301T2D_N4
1,1,21,21,11,11,HP1525301T2D_N5
1,1,18,18,7,7,HP1525301T2D_N6
23,20,17,17,27,26,HP1525301T2D_N7
23,20,5,5,3,3,HP1525301T2D_N8
23,20,17,17,12,12,HP1525301T2D_N9
12,11,12,12,18,18,HP1525301T2D_O1
9,8,6,6,15,15,HP1525301T2D_O11
23,20,17,17,12,12,HP1525301T2D_O13
1,1,18,18,7,7,HP1525301T2D_O14
1,1,18,18,7,7,HP1525301T2D_O16
1,1,18,18,7,7,HP1525301T2D_O17
23,20,14,14,12,12,HP1525301T2D_O18
13,12,10,10,6,6,HP1525301T2D_O2
1,1,18,18,7,7,HP1525301T2D_O20
1,1,21,21,11,11,HP1525301T2D_O22
1,1,18,18,7,7,HP1525301T2D_O23
1,1,21,21,11,11,HP1525301T2D_O24
12,11,12,12,18,18,HP1525301T2D_O3
23,20,16,16,12,12,HP1525301T2D_O5
23,20,22,22,9,9,HP1525301T2D_O6
1,1,18,18,7,7,HP1525301T2D_O7
17,16,15,15,16,16,HP1525301T2D_O9
1,1,21,21,11,11,HP1525301T2D_P1
23,20,17,17,12,12,HP1525301T2D_P11
1,1,21,21,11,11,HP1525301T2D_P13
1,1,21,21,11,11,HP1525301T2D_P14
18,17,4,4,16,16,HP1525301T2D_P15
17,16,15,15,16,16,HP1525301T2D_P16
23,20,17,17,12,12,HP1525301T2D_P17
23,20,23,23,12,12,HP1525301T2D_P18
1,1,19,19,7,7,HP1525301T2D_P19
1,1,18,18,7,7,HP1525301T2D_P2
1,1,18,18,7,7,HP1525301T2D_P20
1,1,18,18,7,7,HP1525301T2D_P21
23,20,17,17,12,12,HP1525301T2D_P22
1,1,18,18,11,11,HP1525301T2D_P23
23,20,17,17,12,12,HP1525301T2D_P24
1,1,18,18,7,7,HP1525301T2D_P4
1,1,21,21,11,11,HP1525301T2D_P5
23,20,16,16,12,12,HP1525301T2D_P6
23,20,17,17,12,12,HP1525301T2D_P8
23,20,17,17,12,12,HP1525301T2D_P9
14,13,2,2,14,14,HP1526901T2D_A1
13,12,10,10,6,6,HP1526901T2D_A10
1,1,21,21,11,11,HP1526901T2D_A11
23,20,17,17,27,26,HP1526901T2D_A12
14,13,9,9,14,14,HP1526901T2D_A13
14,13,2,2,14,14,HP1526901T2D_A14
9,8,3,3,15,15,HP1526901T2D_A15
13,12,10,10,6,6,HP1526901T2D_A16
23,20,22,22,9,9,HP1526901T2D_A17
14,13,2,2,14,14,HP1526901T2D_A19
14,13,2,2,14,14,HP1526901T2D_A2
9,8,6,6,13,13,HP1526901T2D_A20
1,1,18,18,7,7,HP1526901T2D_A21
13,12,10,10,6,6,HP1526901T2D_A22
14,13,9,9,6,6,HP1526901T2D_A23
1,1,19,19,7,7,HP1526901T2D_A24
23,20,22,22,9,9,HP1526901T2D_A3
13,12,10,10,6,6,HP1526901T2D_A4
14,13,13,13,14,14,HP1526901T2D_A5
12,11,12,12,18,18,HP1526901T2D_A6
23,20,17,17,12,12,HP1526901T2D_A7
23,20,22,22,9,9,HP1526901T2D_A8
23,20,16,16,9,9,HP1526901T2D_A9
14,13,13,13,14,14,HP1526901T2D_B1
14,13,13,13,14,14,HP1526901T2D_B10
23,20,22,22,9,9,HP1526901T2D_B11
23,20,22,22,9,9,HP1526901T2D_B12
9,8,3,3,15,15,HP1526901T2D_B13
23,20,23,23,9,9,HP1526901T2D_B14
23,20,7,7,9,9,HP1526901T2D_B17
13,12,10,10,6,6,HP1526901T2D_B18
23,20,22,22,9,9,HP1526901T2D_B20
1,1,18,18,7,7,HP1526901T2D_B23
1,1,19,19,7,7,HP1526901T2D_B24
1,1,18,18,7,7,HP1526901T2D_B3
14,13,13,13,14,14,HP1526901T2D_B4
1,1,19,19,7,7,HP1526901T2D_B5
13,12,10,10,6,6,HP1526901T2D_B6
13,12,10,10,6,6,HP1526901T2D_B7
14,13,13,13,14,14,HP1526901T2D_B9
13,12,10,10,6,6,HP1526901T2D_C1
14,13,13,13,14,14,HP1526901T2D_C10
14,13,13,13,14,14,HP1526901T2D_C11
9,8,3,3,15,15,HP1526901T2D_C13
1,1,21,21,11,11,HP1526901T2D_C14
13,12,10,10,6,6,HP1526901T2D_C15
23,20,14,14,9,9,HP1526901T2D_C16
14,13,2,2,14,14,HP1526901T2D_C17
9,8,6,6,15,15,HP1526901T2D_C19
23,20,16,16,9,9,HP1526901T2D_C2
1,1,18,18,7,7,HP1526901T2D_C20
1,1,18,18,7,7,HP1526901T2D_C22
1,1,19,19,7,7,HP1526901T2D_C23
13,12,10,10,6,6,HP1526901T2D_C24
14,13,2,2,14,14,HP1526901T2D_C3
23,20,23,23,9,9,HP1526901T2D_C4
23,20,22,22,9,9,HP1526901T2D_C6
12,11,12,12,18,18,HP1526901T2D_C8
23,20,14,14,9,9,HP1526901T2D_D1
9,8,6,6,15,15,HP1526901T2D_D10
1,1,19,19,7,7,HP1526901T2D_D12
9,8,3,3,15,15,HP1526901T2D_D14
23,20,22,22,9,9,HP1526901T2D_D16
14,13,13,13,14,14,HP1526901T2D_D17
23,20,17,17,12,12,HP1526901T2D_D18
14,13,13,13,14,14,HP1526901T2D_D19
1,1,18,18,7,7,HP1526901T2D_D2
13,12,10,10,6,6,HP1526901T2D_D21
1,1,21,21,11,11,HP1526901T2D_D22
13,12,9,9,6,6,HP1526901T2D_D24
1,1,18,18,7,7,HP1526901T2D_D3
1,1,21,21,11,11,HP1526901T2D_D4
23,20,17,17,12,12,HP1526901T2D_D5
12,11,8,8,18,18,HP1526901T2D_D7
23,20,22,22,9,9,HP1526901T2D_D8
23,20,17,17,9,9,HP1526901T2D_D9
1,1,21,21,11,11,HP1526901T2D_E1
9,8,3,3,15,15,HP1526901T2D_E10
14,13,13,13,14,14,HP1526901T2D_E11
1,1,19,19,11,11,HP1526901T2D_E14
17,16,15,15,16,16,HP1526901T2D_E15
12,11,12,12,18,18,HP1526901T2D_E16
23,20,22,22,9,9,HP1526901T2D_E18
13,12,10,10,6,6,HP1526901T2D_E19
14,13,2,2,14,14,HP1526901T2D_E2
13,12,10,10,6,6,HP1526901T2D_E20
13,12,10,10,6,6,HP1526901T2D_E21
1,1,21,21,11,11,HP1526901T2D_E22
1,1,19,19,7,7,HP1526901T2D_E23
13,12,10,10,6,6,HP1526901T2D_E3
9,8,3,3,15,15,HP1526901T2D_E4
9,8,6,6,15,15,HP1526901T2D_E5
23,20,22,22,9,9,HP1526901T2D_E6
23,20,14,14,12,12,HP1526901T2D_E8
1,1,19,19,7,7,HP1526901T2D_E9
23,20,17,17,9,9,HP1526901T2D_F1
23,20,22,22,9,9,HP1526901T2D_F10
9,8,3,3,15,15,HP1526901T2D_F12
1,1,18,18,7,7,HP1526901T2D_F15
1,1,19,19,7,7,HP1526901T2D_F16
14,13,13,13,14,14,HP1526901T2D_F17
14,13,13,13,14,14,HP1526901T2D_F18
23,20,22,22,9,9,HP1526901T2D_F19
23,20,17,17,9,9,HP1526901T2D_F2
23,20,3,3,9,9,HP1526901T2D_F20
23,20,22,22,9,9,HP1526901T2D_F21
1,1,18,18,7,7,HP1526901T2D_F22
13,12,10,10,6,6,HP1526901T2D_F23
1,1,18,18,7,7,HP1526901T2D_F24
23,20,14,14,12,12,HP1526901T2D_F3
14,13,13,13,14,14,HP1526901T2D_F5
9,8,3,3,15,15,HP1526901T2D_F7
1,1,18,18,7,7,HP1526901T2D_F8
23,20,16,16,9,9,HP1526901T2D_F9
9,8,3,3,15,15,HP1526901T2D_G1
23,20,23,23,9,9,HP1526901T2D_G10
18,17,15,15,22,22,HP1526901T2D_G11
23,20,22,22,9,9,HP1526901T2D_G13
23,20,16,16,9,9,HP1526901T2D_G14
23,20,22,22,9,9,HP1526901T2D_G16
14,13,2,2,14,14,HP1526901T2D_G17
23,20,16,16,9,9,HP1526901T2D_G18
9,8,6,6,15,15,HP1526901T2D_G19
13,12,10,10,6,6,HP1526901T2D_G2
14,13,13,13,14,14,HP1526901T2D_G21
1,1,19,19,7,7,HP1526901T2D_G22
13,12,10,10,6,6,HP1526901T2D_G23
1,1,21,21,11,11,HP1526901T2D_G24
14,13,13,13,14,14,HP1526901T2D_G4
23,20,22,22,9,9,HP1526901T2D_G7
23,20,16,16,9,9,HP1526901T2D_G8
9,8,3,3,15,15,HP1526901T2D_G9
14,13,2,2,14,14,HP1526901T2D_H10
23,20,16,16,9,9,HP1526901T2D_H12
14,13,13,13,14,14,HP1526901T2D_H14
9,8,3,3,15,15,HP1526901T2D_H16
23,20,22,22,9,9,HP1526901T2D_H17
13,12,10,10,6,6,HP1526901T2D_H18
23,20,22,22,9,9,HP1526901T2D_H19
12,11,8,8,18,18,HP1526901T2D_H2
14,13,2,2,14,14,HP1526901T2D_H20
1,1,19,19,11,11,HP1526901T2D_H21
14,13,2,2,14,14,HP1526901T2D_H22
9,8,6,6,15,15,HP1526901T2D_H23
14,13,13,13,14,14,HP1526901T2D_H24
9,8,3,3,15,15,HP1526901T2D_H3
14,13,2,2,14,14,HP1526901T2D_H4
1,1,19,19,7,7,HP1526901T2D_H5
23,20,23,23,9,9,HP1526901T2D_H6
1,1,19,19,7,7,HP1526901T2D_H8
1,1,21,21,11,11,HP1526901T2D_H9
1,1,21,21,11,11,HP1526901T2D_I1
13,12,10,10,6,6,HP1526901T2D_I10
13,12,10,10,6,6,HP1526901T2D_I11
12,11,8,8,18,18,HP1526901T2D_I12
14,13,13,13,14,14,HP1526901T2D_I13
23,20,14,14,9,9,HP1526901T2D_I14
23,20,14,14,12,12,HP1526901T2D_I15
23,20,22,22,9,9,HP1526901T2D_I16
12,11,12,12,18,18,HP1526901T2D_I17
13,12,10,10,6,6,HP1526901T2D_I18
13,12,10,10,6,6,HP1526901T2D_I19
14,13,13,13,14,14,HP1526901T2D_I20
23,20,22,22,9,9,HP1526901T2D_I21
14,13,13,13,14,14,HP1526901T2D_I22
9,8,3,3,15,15,HP1526901T2D_I24
14,13,13,13,14,14,HP1526901T2D_I3
23,20,22,22,9,9,HP1526901T2D_I4
14,13,9,9,14,14,HP1526901T2D_I5
23,20,22,22,9,9,HP1526901T2D_I6
23,20,22,22,9,9,HP1526901T2D_I7
23,20,22,22,9,9,HP1526901T2D_I8
17,16,15,15,16,16,HP1526901T2D_I9
13,12,10,10,6,6,HP1526901T2D_J1
1,1,18,18,7,7,HP1526901T2D_J11
1,1,21,21,7,7,HP1526901T2D_J12
23,20,22,22,9,9,HP1526901T2D_J13
23,20,22,22,9,9,HP1526901T2D_J14
9,8,3,3,15,15,HP1526901T2D_J17
1,1,21,21,11,11,HP1526901T2D_J18
23,20,16,16,9,9,HP1526901T2D_J19
23,20,17,17,12,12,HP1526901T2D_J2
13,12,10,10,6,6,HP1526901T2D_J20
14,13,2,2,14,14,HP1526901T2D_J21
13,12,10,10,6,6,HP1526901T2D_J22
23,20,17,17,12,12,HP1526901T2D_J24
1,1,18,18,7,7,HP1526901T2D_J3
23,20,22,22,9,9,HP1526901T2D_J4
14,13,13,13,14,14,HP1526901T2D_J5
14,13,13,13,14,14,HP1526901T2D_J6
23,20,22,22,9,9,HP1526901T2D_J8
1,1,19,19,11,11,HP1526901T2D_K1
23,20,17,17,12,12,HP1526901T2D_K10
9,8,3,3,15,15,HP1526901T2D_K11
9,8,3,3,15,15,HP1526901T2D_K12
23,20,23,23,9,9,HP1526901T2D_K14
23,20,22,22,9,9,HP1526901T2D_K15
12,11,12,12,18,18,HP1526901T2D_K17
23,20,22,22,9,9,HP1526901T2D_K18
1,1,21,21,11,11,HP1526901T2D_K19
23,20,22,22,9,9,HP1526901T2D_K2
14,13,13,13,14,14,HP1526901T2D_K20
9,8,3,3,15,15,HP1526901T2D_K21
13,12,10,10,6,6,HP1526901T2D_K22
14,13,2,2,14,14,HP1526901T2D_K23
13,12,10,10,6,6,HP1526901T2D_K24
14,13,2,2,14,14,HP1526901T2D_K3
1,1,21,21,11,11,HP1526901T2D_K4
23,20,22,22,9,9,HP1526901T2D_K6
14,13,13,13,14,14,HP1526901T2D_K7
14,13,2,2,14,14,HP1526901T2D_L1
23,20,23,23,9,9,HP1526901T2D_L11
9,8,3,3,15,15,HP1526901T2D_L12
23,20,22,22,9,9,HP1526901T2D_L13
9,8,6,6,15,15,HP1526901T2D_L14
12,11,12,12,18,18,HP1526901T2D_L15
23,20,22,22,9,9,HP1526901T2D_L16
23,20,23,23,12,12,HP1526901T2D_L17
23,20,22,22,9,9,HP1526901T2D_L19
23,20,22,22,9,9,HP1526901T2D_L2
23,20,16,16,9,9,HP1526901T2D_L21
23,20,14,14,9,9,HP1526901T2D_L23
13,12,10,10,6,6,HP1526901T2D_L24
23,20,9,9,14,14,HP1526901T2D_L3
14,13,13,13,14,14,HP1526901T2D_L4
14,13,18,18,15,15,HP1526901T2D_L5
14,13,2,2,14,14,HP1526901T2D_L6
9,8,6,6,15,15,HP1526901T2D_L7
23,20,17,17,12,12,HP1526901T2D_M1
9,8,3,3,15,15,HP1526901T2D_M13
18,17,18,18,7,7,HP1526901T2D_M14
14,13,13,13,14,14,HP1526901T2D_M15
23,20,22,22,9,9,HP1526901T2D_M16
12,11,12,12,18,18,HP1526901T2D_M18
13,12,10,10,6,6,HP1526901T2D_M19
14,13,13,13,14,14,HP1526901T2D_M2
1,1,19,19,7,7,HP1526901T2D_M20
23,20,7,7,9,9,HP1526901T2D_M21
9,8,6,6,15,15,HP1526901T2D_M22
23,20,22,22,9,9,HP1526901T2D_M23
23,20,9,9,14,14,HP1526901T2D_M24
9,8,3,3,15,15,HP1526901T2D_M3
23,20,22,22,9,9,HP1526901T2D_M4
23,20,22,22,9,9,HP1526901T2D_M7
1,1,19,19,7,7,HP1526901T2D_M8
14,13,13,13,14,14,HP1526901T2D_N1
23,20,17,17,12,12,HP1526901T2D_N10
1,1,19,19,7,7,HP1526901T2D_N11
14,13,13,13,14,14,HP1526901T2D_N12
14,13,13,13,14,14,HP1526901T2D_N13
23,20,17,17,9,9,HP1526901T2D_N14
23,20,17,17,9,9,HP1526901T2D_N15
13,12,10,10,6,6,HP1526901T2D_N16
9,8,3,3,15,15,HP1526901T2D_N18
9,8,6,6,15,15,HP1526901T2D_N19
23,20,16,16,9,9,HP1526901T2D_N2
9,8,3,3,13,13,HP1526901T2D_N20
1,1,19,19,7,7,HP1526901T2D_N21
14,13,13,13,14,14,HP1526901T2D_N23
14,13,13,13,14,14,HP1526901T2D_N3
12,11,12,12,18,18,HP1526901T2D_N4
23,20,16,16,9,9,HP1526901T2D_N6
12,11,12,12,18,18,HP1526901T2D_N7
23,20,22,22,9,9,HP1526901T2D_N8
23,20,22,22,9,9,HP1526901T2D_N9
14,13,2,2,14,14,HP1526901T2D_O1
9,8,3,3,15,15,HP1526901T2D_O10
18,17,4,4,22,22,HP1526901T2D_O12
14,13,13,13,14,14,HP1526901T2D_O13
14,13,13,13,14,14,HP1526901T2D_O14
14,13,2,2,14,14,HP1526901T2D_O15
14,13,13,13,14,14,HP1526901T2D_O17
12,11,12,12,18,18,HP1526901T2D_O19
17,16,15,15,16,16,HP1526901T2D_O2
23,20,17,17,12,12,HP1526901T2D_O21
23,20,17,17,12,12,HP1526901T2D_O22
23,20,22,22,9,9,HP1526901T2D_O23
14,13,13,13,14,14,HP1526901T2D_O24
9,8,3,3,15,15,HP1526901T2D_O3
1,1,19,19,7,7,HP1526901T2D_O4
1,1,19,19,11,11,HP1526901T2D_O5
23,20,22,22,9,9,HP1526901T2D_O6
13,12,10,10,6,6,HP1526901T2D_O7
14,13,2,2,14,14,HP1526901T2D_O8
13,12,10,10,6,6,HP1526901T2D_O9
23,20,22,22,9,9,HP1526901T2D_P1
14,13,13,13,14,14,HP1526901T2D_P10
14,13,2,2,14,14,HP1526901T2D_P11
23,20,17,17,12,12,HP1526901T2D_P12
17,16,15,15,16,16,HP1526901T2D_P13
23,20,17,17,9,9,HP1526901T2D_P14
14,13,13,13,14,14,HP1526901T2D_P17
14,13,13,13,14,14,HP1526901T2D_P18
23,20,22,22,9,9,HP1526901T2D_P19
23,20,22,22,9,9,HP1526901T2D_P2
23,20,22,22,9,9,HP1526901T2D_P20
23,20,17,17,12,12,HP1526901T2D_P21
13,12,10,10,6,6,HP1526901T2D_P22
9,8,6,6,15,15,HP1526901T2D_P23
14,13,13,13,14,14,HP1526901T2D_P4
14,13,13,13,14,14,HP1526901T2D_P7
14,13,13,13,14,14,HP1526901T2D_P9
